feature,gene_symbol,element_subtype,drug_class,drug_subclass,known_mechanism
AMR:aac(3)-IId,aac(3)-IId,AMR,AMINOGLYCOSIDE,GENTAMICIN,True
AMR:aac(3)-IIe,aac(3)-IIe,AMR,AMINOGLYCOSIDE,GENTAMICIN,True
AMR:aac(3)-IIg,aac(3)-IIg,AMR,AMINOGLYCOSIDE,GENTAMICIN,True
AMR:aac(3)-IVa,aac(3)-IVa,AMR,AMINOGLYCOSIDE,APRAMYCIN/GENTAMICIN/TOBRAMYCIN,True
AMR:aac(3)-Ia,aac(3)-Ia,AMR,AMINOGLYCOSIDE,GENTAMICIN,True
AMR:aac(3)-Ib,aac(3)-Ib,AMR,AMINOGLYCOSIDE,GENTAMICIN,True
AMR:aac(3)-VIa,aac(3)-VIa,AMR,AMINOGLYCOSIDE,GENTAMICIN,True
AMR:aac(6')-33,aac(6')-33,AMR,AMINOGLYCOSIDE,AMINOGLYCOSIDE,True
AMR:aac(6')-F309,aac(6')-F309,AMR,AMINOGLYCOSIDE,AMIKACIN/KANAMYCIN/TOBRAMYCIN,True
AMR:aac(6')-IIa,aac(6')-IIa,AMR,AMINOGLYCOSIDE,GENTAMICIN/KANAMYCIN/TOBRAMYCIN,True
AMR:aac(6')-IIc,aac(6')-IIc,AMR,AMINOGLYCOSIDE,GENTAMICIN/KANAMYCIN/TOBRAMYCIN,True
AMR:aac(6')-Ia,aac(6')-Ia,AMR,AMINOGLYCOSIDE,AMINOGLYCOSIDE,True
AMR:aac(6')-Ian,aac(6')-Ian,AMR,AMINOGLYCOSIDE,AMIKACIN/KANAMYCIN/TOBRAMYCIN,True
AMR:aac(6')-Ib,aac(6')-Ib,AMR,AMINOGLYCOSIDE,AMIKACIN/KANAMYCIN/TOBRAMYCIN,True
AMR:aac(6')-Ib',aac(6')-Ib',AMR,AMINOGLYCOSIDE,GENTAMICIN,True
AMR:aac(6')-Ib-cr,aac(6')-Ib-cr,AMR,AMINOGLYCOSIDE/QUINOLONE,AMIKACIN/KANAMYCIN/QUINOLONE/TOBRAMYCIN,True
AMR:aac(6')-Ib-cr5,aac(6')-Ib-cr5,AMR,AMINOGLYCOSIDE/QUINOLONE,AMIKACIN/KANAMYCIN/QUINOLONE/TOBRAMYCIN,True
AMR:aac(6')-Ib3,aac(6')-Ib3,AMR,AMINOGLYCOSIDE,AMIKACIN/KANAMYCIN/TOBRAMYCIN,True
AMR:aac(6')-Ib4,aac(6')-Ib4,AMR,AMINOGLYCOSIDE,GENTAMICIN,True
AMR:aac(6')-Il,aac(6')-Il,AMR,AMINOGLYCOSIDE,AMIKACIN/KANAMYCIN/TOBRAMYCIN,True
AMR:aacA16,aacA16,AMR,AMINOGLYCOSIDE,AMINOGLYCOSIDE,True
AMR:aadA1,aadA1,AMR,AMINOGLYCOSIDE,STREPTOMYCIN,True
AMR:aadA13,aadA13,AMR,AMINOGLYCOSIDE,STREPTOMYCIN,True
AMR:aadA16,aadA16,AMR,AMINOGLYCOSIDE,STREPTOMYCIN,True
AMR:aadA2,aadA2,AMR,AMINOGLYCOSIDE,STREPTOMYCIN,True
AMR:aadA22,aadA22,AMR,AMINOGLYCOSIDE,STREPTOMYCIN,True
AMR:aadA3,aadA3,AMR,AMINOGLYCOSIDE,STREPTOMYCIN,True
AMR:aadA4,aadA4,AMR,AMINOGLYCOSIDE,STREPTOMYCIN,True
AMR:aadA5,aadA5,AMR,AMINOGLYCOSIDE,STREPTOMYCIN,True
AMR:aadA8,aadA8,AMR,AMINOGLYCOSIDE,STREPTOMYCIN,True
AMR:abaF,abaF,AMR,FOSFOMYCIN,FOSFOMYCIN,True
AMR:acrF,acrF,AMR,EFFLUX,EFFLUX,True
AMR:adeC,adeC,AMR,EFFLUX,EFFLUX,True
AMR:amvA,amvA,AMR,EFFLUX,EFFLUX,True
AMR:ant(2'')-Ia,ant(2'')-Ia,AMR,AMINOGLYCOSIDE,GENTAMICIN/KANAMYCIN/TOBRAMYCIN,True
AMR:ant(3'')-IIa,ant(3'')-IIa,AMR,AMINOGLYCOSIDE,SPECTINOMYCIN/STREPTOMYCIN,True
AMR:ant(9)-Ia,ant(9)-Ia,AMR,AMINOGLYCOSIDE,SPECTINOMYCIN,True
AMR:aph(3'')-Ib,aph(3'')-Ib,AMR,AMINOGLYCOSIDE,STREPTOMYCIN,True
AMR:aph(3')-Ia,aph(3')-Ia,AMR,AMINOGLYCOSIDE,KANAMYCIN,True
AMR:aph(3')-Ib,aph(3')-Ib,AMR,AMINOGLYCOSIDE,KANAMYCIN,True
AMR:aph(3')-VI,aph(3')-VI,AMR,AMINOGLYCOSIDE,AMIKACIN/KANAMYCIN,True
AMR:aph(3')-VIa,aph(3')-VIa,AMR,AMINOGLYCOSIDE,AMIKACIN/KANAMYCIN,True
AMR:aph(3')-VIb,aph(3')-VIb,AMR,AMINOGLYCOSIDE,AMIKACIN/KANAMYCIN,True
AMR:aph(3')-XV,aph(3')-XV,AMR,AMINOGLYCOSIDE,AMIKACIN/KANAMYCIN,True
AMR:aph(4)-Ia,aph(4)-Ia,AMR,AMINOGLYCOSIDE,HYGROMYCIN,True
AMR:aph(6)-Id,aph(6)-Id,AMR,AMINOGLYCOSIDE,STREPTOMYCIN,True
AMR:aphA16,aphA16,AMR,AMINOGLYCOSIDE,AMIKACIN/KANAMYCIN,True
AMR:armA,armA,AMR,AMINOGLYCOSIDE,GENTAMICIN,True
AMR:arr,arr,AMR,RIFAMYCIN,RIFAMYCIN,True
AMR:arr-2,arr-2,AMR,RIFAMYCIN,RIFAMYCIN,True
AMR:arr-3,arr-3,AMR,RIFAMYCIN,RIFAMYCIN,True
AMR:blaACC-1,blaACC-1,AMR,BETA-LACTAM,CEPHALOSPORIN,True
AMR:blaACT-35,blaACT-35,AMR,BETA-LACTAM,CEPHALOSPORIN,True
AMR:blaADC-214,blaADC-214,AMR,BETA-LACTAM,CEPHALOSPORIN,True
AMR:blaADC-56,blaADC-56,AMR,BETA-LACTAM,CEPHALOSPORIN,True
AMR:blaADC-76,blaADC-76,AMR,BETA-LACTAM,CEPHALOSPORIN,True
AMR:blaCARB-2,blaCARB-2,AMR,BETA-LACTAM,BETA-LACTAM,True
AMR:blaCMY-16,blaCMY-16,AMR,BETA-LACTAM,CEPHALOSPORIN,True
AMR:blaCMY-2,blaCMY-2,AMR,BETA-LACTAM,CEPHALOSPORIN,True
AMR:blaCMY-4,blaCMY-4,AMR,BETA-LACTAM,CEPHALOSPORIN,True
AMR:blaCMY-6,blaCMY-6,AMR,BETA-LACTAM,CEPHALOSPORIN,True
AMR:blaCMY-94,blaCMY-94,AMR,BETA-LACTAM,CEPHALOSPORIN,True
AMR:blaCTX-M,blaCTX-M,AMR,BETA-LACTAM,CEPHALOSPORIN,True
AMR:blaCTX-M-1,blaCTX-M-1,AMR,BETA-LACTAM,CEPHALOSPORIN,True
AMR:blaCTX-M-104,blaCTX-M-104,AMR,BETA-LACTAM,CEPHALOSPORIN,True
AMR:blaCTX-M-14,blaCTX-M-14,AMR,BETA-LACTAM,CEPHALOSPORIN,True
AMR:blaCTX-M-15,blaCTX-M-15,AMR,BETA-LACTAM,CEPHALOSPORIN,True
AMR:blaCTX-M-2,blaCTX-M-2,AMR,BETA-LACTAM,CEPHALOSPORIN,True
AMR:blaCTX-M-24,blaCTX-M-24,AMR,BETA-LACTAM,CEPHALOSPORIN,True
AMR:blaCTX-M-27,blaCTX-M-27,AMR,BETA-LACTAM,CEPHALOSPORIN,True
AMR:blaCTX-M-3,blaCTX-M-3,AMR,BETA-LACTAM,CEPHALOSPORIN,True
AMR:blaCTX-M-40,blaCTX-M-40,AMR,BETA-LACTAM,CEPHALOSPORIN,True
AMR:blaCTX-M-55,blaCTX-M-55,AMR,BETA-LACTAM,CEPHALOSPORIN,True
AMR:blaCTX-M-62,blaCTX-M-62,AMR,BETA-LACTAM,CEPHALOSPORIN,True
AMR:blaCTX-M-63,blaCTX-M-63,AMR,BETA-LACTAM,CEPHALOSPORIN,True
AMR:blaCTX-M-65,blaCTX-M-65,AMR,BETA-LACTAM,CEPHALOSPORIN,True
AMR:blaCTX-M-98,blaCTX-M-98,AMR,BETA-LACTAM,CEPHALOSPORIN,True
AMR:blaDHA-1,blaDHA-1,AMR,BETA-LACTAM,CEPHALOSPORIN,True
AMR:blaDHA-15,blaDHA-15,AMR,BETA-LACTAM,CEPHALOSPORIN,True
AMR:blaDHA-6,blaDHA-6,AMR,BETA-LACTAM,CEPHALOSPORIN,True
AMR:blaDHA-7,blaDHA-7,AMR,BETA-LACTAM,CEPHALOSPORIN,True
AMR:blaEC,blaEC,AMR,BETA-LACTAM,BETA-LACTAM,True
AMR:blaFOX-5,blaFOX-5,AMR,BETA-LACTAM,CEPHALOSPORIN,True
AMR:blaGES-19,blaGES-19,AMR,BETA-LACTAM,CEPHALOSPORIN,True
AMR:blaGES-20,blaGES-20,AMR,BETA-LACTAM,CARBAPENEM,True
AMR:blaGES-26,blaGES-26,AMR,BETA-LACTAM,CEPHALOSPORIN,True
AMR:blaGES-5,blaGES-5,AMR,BETA-LACTAM,CARBAPENEM,True
AMR:blaIMP-4,blaIMP-4,AMR,BETA-LACTAM,CARBAPENEM,True
AMR:blaKPC,blaKPC,AMR,BETA-LACTAM,CARBAPENEM,True
AMR:blaKPC-166,blaKPC-166,AMR,BETA-LACTAM,CARBAPENEM,True
AMR:blaKPC-2,blaKPC-2,AMR,BETA-LACTAM,CARBAPENEM,True
AMR:blaKPC-3,blaKPC-3,AMR,BETA-LACTAM,CARBAPENEM,True
AMR:blaKPC-4,blaKPC-4,AMR,BETA-LACTAM,CARBAPENEM,True
AMR:blaKPC-8,blaKPC-8,AMR,BETA-LACTAM,CARBAPENEM,True
AMR:blaLAP,blaLAP,AMR,BETA-LACTAM,BETA-LACTAM,True
AMR:blaLAP-1,blaLAP-1,AMR,BETA-LACTAM,BETA-LACTAM,True
AMR:blaLAP-2,blaLAP-2,AMR,BETA-LACTAM,BETA-LACTAM,True
AMR:blaLEN,blaLEN,AMR,BETA-LACTAM,BETA-LACTAM,True
AMR:blaLEN-120,blaLEN-120,AMR,BETA-LACTAM,BETA-LACTAM,True
AMR:blaLEN-126,blaLEN-126,AMR,BETA-LACTAM,BETA-LACTAM,True
AMR:blaLEN-13,blaLEN-13,AMR,BETA-LACTAM,BETA-LACTAM,True
AMR:blaLEN-16,blaLEN-16,AMR,BETA-LACTAM,BETA-LACTAM,True
AMR:blaLEN-17,blaLEN-17,AMR,BETA-LACTAM,BETA-LACTAM,True
AMR:blaLEN-175,blaLEN-175,AMR,BETA-LACTAM,BETA-LACTAM,True
AMR:blaLEN-18,blaLEN-18,AMR,BETA-LACTAM,BETA-LACTAM,True
AMR:blaLEN-181,blaLEN-181,AMR,BETA-LACTAM,BETA-LACTAM,True
AMR:blaLEN-19,blaLEN-19,AMR,BETA-LACTAM,BETA-LACTAM,True
AMR:blaLEN-2,blaLEN-2,AMR,BETA-LACTAM,BETA-LACTAM,True
AMR:blaLEN-25,blaLEN-25,AMR,BETA-LACTAM,BETA-LACTAM,True
AMR:blaLEN-26,blaLEN-26,AMR,BETA-LACTAM,BETA-LACTAM,True
AMR:blaLEN-27,blaLEN-27,AMR,BETA-LACTAM,BETA-LACTAM,True
AMR:blaLEN-30,blaLEN-30,AMR,BETA-LACTAM,BETA-LACTAM,True
AMR:blaLEN-61,blaLEN-61,AMR,BETA-LACTAM,BETA-LACTAM,True
AMR:blaLEN-7,blaLEN-7,AMR,BETA-LACTAM,BETA-LACTAM,True
AMR:blaLEN-77,blaLEN-77,AMR,BETA-LACTAM,BETA-LACTAM,True
AMR:blaLEN-9,blaLEN-9,AMR,BETA-LACTAM,BETA-LACTAM,True
AMR:blaNDM,blaNDM,AMR,BETA-LACTAM,CARBAPENEM,True
AMR:blaNDM-1,blaNDM-1,AMR,BETA-LACTAM,CARBAPENEM,True
AMR:blaNDM-19,blaNDM-19,AMR,BETA-LACTAM,CARBAPENEM,True
AMR:blaNDM-4,blaNDM-4,AMR,BETA-LACTAM,CARBAPENEM,True
AMR:blaNDM-5,blaNDM-5,AMR,BETA-LACTAM,CARBAPENEM,True
AMR:blaNDM-7,blaNDM-7,AMR,BETA-LACTAM,CARBAPENEM,True
AMR:blaOKP-A-11,blaOKP-A-11,AMR,BETA-LACTAM,BETA-LACTAM,True
AMR:blaOKP-A-117,blaOKP-A-117,AMR,BETA-LACTAM,BETA-LACTAM,True
AMR:blaOKP-A-21,blaOKP-A-21,AMR,BETA-LACTAM,BETA-LACTAM,True
AMR:blaOKP-A-27,blaOKP-A-27,AMR,BETA-LACTAM,BETA-LACTAM,True
AMR:blaOKP-A-3,blaOKP-A-3,AMR,BETA-LACTAM,BETA-LACTAM,True
AMR:blaOKP-A-5,blaOKP-A-5,AMR,BETA-LACTAM,BETA-LACTAM,True
AMR:blaOKP-A-61,blaOKP-A-61,AMR,BETA-LACTAM,BETA-LACTAM,True
AMR:blaOKP-A-7,blaOKP-A-7,AMR,BETA-LACTAM,BETA-LACTAM,True
AMR:blaOKP-A-77,blaOKP-A-77,AMR,BETA-LACTAM,BETA-LACTAM,True
AMR:blaOKP-A-8,blaOKP-A-8,AMR,BETA-LACTAM,BETA-LACTAM,True
AMR:blaOKP-A-82,blaOKP-A-82,AMR,BETA-LACTAM,BETA-LACTAM,True
AMR:blaOKP-B,blaOKP-B,AMR,BETA-LACTAM,BETA-LACTAM,True
AMR:blaOKP-B-1,blaOKP-B-1,AMR,BETA-LACTAM,BETA-LACTAM,True
AMR:blaOKP-B-159,blaOKP-B-159,AMR,BETA-LACTAM,BETA-LACTAM,True
AMR:blaOKP-B-17,blaOKP-B-17,AMR,BETA-LACTAM,BETA-LACTAM,True
AMR:blaOKP-B-176,blaOKP-B-176,AMR,BETA-LACTAM,BETA-LACTAM,True
AMR:blaOKP-B-19,blaOKP-B-19,AMR,BETA-LACTAM,BETA-LACTAM,True
AMR:blaOKP-B-192,blaOKP-B-192,AMR,BETA-LACTAM,BETA-LACTAM,True
AMR:blaOKP-B-2,blaOKP-B-2,AMR,BETA-LACTAM,BETA-LACTAM,True
AMR:blaOKP-B-21,blaOKP-B-21,AMR,BETA-LACTAM,BETA-LACTAM,True
AMR:blaOKP-B-23,blaOKP-B-23,AMR,BETA-LACTAM,BETA-LACTAM,True
AMR:blaOKP-B-3,blaOKP-B-3,AMR,BETA-LACTAM,BETA-LACTAM,True
AMR:blaOKP-B-41,blaOKP-B-41,AMR,BETA-LACTAM,BETA-LACTAM,True
AMR:blaOKP-B-5,blaOKP-B-5,AMR,BETA-LACTAM,BETA-LACTAM,True
AMR:blaOKP-B-6,blaOKP-B-6,AMR,BETA-LACTAM,BETA-LACTAM,True
AMR:blaOKP-B-60,blaOKP-B-60,AMR,BETA-LACTAM,BETA-LACTAM,True
AMR:blaOKP-B-7,blaOKP-B-7,AMR,BETA-LACTAM,BETA-LACTAM,True
AMR:blaOKP-B-79,blaOKP-B-79,AMR,BETA-LACTAM,BETA-LACTAM,True
AMR:blaOKP-B-8,blaOKP-B-8,AMR,BETA-LACTAM,BETA-LACTAM,True
AMR:blaOKP-B-86,blaOKP-B-86,AMR,BETA-LACTAM,BETA-LACTAM,True
AMR:blaOXA,blaOXA,AMR,BETA-LACTAM,BETA-LACTAM,True
AMR:blaOXA-1,blaOXA-1,AMR,BETA-LACTAM,CEPHALOSPORIN,True
AMR:blaOXA-10,blaOXA-10,AMR,BETA-LACTAM,CEPHALOSPORIN,True
AMR:blaOXA-1391,blaOXA-1391,AMR,BETA-LACTAM,BETA-LACTAM,True
AMR:blaOXA-163,blaOXA-163,AMR,BETA-LACTAM,CEPHALOSPORIN,True
AMR:blaOXA-181,blaOXA-181,AMR,BETA-LACTAM,CARBAPENEM,True
AMR:blaOXA-2,blaOXA-2,AMR,BETA-LACTAM,BETA-LACTAM,True
AMR:blaOXA-23,blaOXA-23,AMR,BETA-LACTAM,CARBAPENEM,True
AMR:blaOXA-232,blaOXA-232,AMR,BETA-LACTAM,CARBAPENEM,True
AMR:blaOXA-24,blaOXA-24,AMR,BETA-LACTAM,CARBAPENEM,True
AMR:blaOXA-244,blaOXA-244,AMR,BETA-LACTAM,CARBAPENEM,True
AMR:blaOXA-245,blaOXA-245,AMR,BETA-LACTAM,CARBAPENEM,True
AMR:blaOXA-276,blaOXA-276,AMR,BETA-LACTAM,CARBAPENEM,True
AMR:blaOXA-48,blaOXA-48,AMR,BETA-LACTAM,CARBAPENEM,True
AMR:blaOXA-65,blaOXA-65,AMR,BETA-LACTAM,CARBAPENEM,True
AMR:blaOXA-68,blaOXA-68,AMR,BETA-LACTAM,CARBAPENEM,True
AMR:blaOXA-83,blaOXA-83,AMR,BETA-LACTAM,CARBAPENEM,True
AMR:blaOXA-9,blaOXA-9,AMR,BETA-LACTAM,BETA-LACTAM,True
AMR:blaOXY-2-11,blaOXY-2-11,AMR,BETA-LACTAM,CEPHALOSPORIN,True
AMR:blaPER-7,blaPER-7,AMR,BETA-LACTAM,CEPHALOSPORIN,True
AMR:blaPLA-4,blaPLA-4,AMR,BETA-LACTAM,BETA-LACTAM,True
AMR:blaSCO-1,blaSCO-1,AMR,BETA-LACTAM,BETA-LACTAM,True
AMR:blaSFO-1,blaSFO-1,AMR,BETA-LACTAM,CEPHALOSPORIN,True
AMR:blaSHV,blaSHV,AMR,BETA-LACTAM,BETA-LACTAM,True
AMR:blaSHV-1,blaSHV-1,AMR,BETA-LACTAM,BETA-LACTAM,True
AMR:blaSHV-100,blaSHV-100,AMR,BETA-LACTAM,CEPHALOSPORIN,True
AMR:blaSHV-103,blaSHV-103,AMR,BETA-LACTAM,BETA-LACTAM,True
AMR:blaSHV-108,blaSHV-108,AMR,BETA-LACTAM,BETA-LACTAM,True
AMR:blaSHV-11,blaSHV-11,AMR,BETA-LACTAM,BETA-LACTAM,True
AMR:blaSHV-110,blaSHV-110,AMR,BETA-LACTAM,BETA-LACTAM,True
AMR:blaSHV-111,blaSHV-111,AMR,BETA-LACTAM,BETA-LACTAM,True
AMR:blaSHV-116,blaSHV-116,AMR,BETA-LACTAM,BETA-LACTAM,True
AMR:blaSHV-119,blaSHV-119,AMR,BETA-LACTAM,BETA-LACTAM,True
AMR:blaSHV-12,blaSHV-12,AMR,BETA-LACTAM,CEFIDEROCOL/CEPHALOSPORIN,True
AMR:blaSHV-120,blaSHV-120,AMR,BETA-LACTAM,CEPHALOSPORIN,True
AMR:blaSHV-121,blaSHV-121,AMR,BETA-LACTAM,BETA-LACTAM,True
AMR:blaSHV-14,blaSHV-14,AMR,BETA-LACTAM,BETA-LACTAM,True
AMR:blaSHV-142,blaSHV-142,AMR,BETA-LACTAM,BETA-LACTAM,True
AMR:blaSHV-144,blaSHV-144,AMR,BETA-LACTAM,BETA-LACTAM,True
AMR:blaSHV-146,blaSHV-146,AMR,BETA-LACTAM,BETA-LACTAM,True
AMR:blaSHV-157,blaSHV-157,AMR,BETA-LACTAM,BETA-LACTAM,True
AMR:blaSHV-161,blaSHV-161,AMR,BETA-LACTAM,BETA-LACTAM,True
AMR:blaSHV-164,blaSHV-164,AMR,BETA-LACTAM,CEPHALOSPORIN,True
AMR:blaSHV-168,blaSHV-168,AMR,BETA-LACTAM,BETA-LACTAM,True
AMR:blaSHV-171,blaSHV-171,AMR,BETA-LACTAM,BETA-LACTAM,True
AMR:blaSHV-187,blaSHV-187,AMR,BETA-LACTAM,CEPHALOSPORIN,True
AMR:blaSHV-198,blaSHV-198,AMR,BETA-LACTAM,BETA-LACTAM,True
AMR:blaSHV-2,blaSHV-2,AMR,BETA-LACTAM,CEPHALOSPORIN,True
AMR:blaSHV-200,blaSHV-200,AMR,BETA-LACTAM,CEPHALOSPORIN,True
AMR:blaSHV-202,blaSHV-202,AMR,BETA-LACTAM,BETA-LACTAM,True
AMR:blaSHV-204,blaSHV-204,AMR,BETA-LACTAM,BETA-LACTAM,True
AMR:blaSHV-205,blaSHV-205,AMR,BETA-LACTAM,BETA-LACTAM,True
AMR:blaSHV-215,blaSHV-215,AMR,BETA-LACTAM,BETA-LACTAM,True
AMR:blaSHV-217,blaSHV-217,AMR,BETA-LACTAM,BETA-LACTAM,True
AMR:blaSHV-220,blaSHV-220,AMR,BETA-LACTAM,BETA-LACTAM,True
AMR:blaSHV-224,blaSHV-224,AMR,BETA-LACTAM,BETA-LACTAM,True
AMR:blaSHV-24,blaSHV-24,AMR,BETA-LACTAM,CEPHALOSPORIN,True
AMR:blaSHV-25,blaSHV-25,AMR,BETA-LACTAM,BETA-LACTAM,True
AMR:blaSHV-253,blaSHV-253,AMR,BETA-LACTAM,BETA-LACTAM,True
AMR:blaSHV-26,blaSHV-26,AMR,BETA-LACTAM,BETA-LACTAM,True
AMR:blaSHV-27,blaSHV-27,AMR,BETA-LACTAM,BETA-LACTAM,True
AMR:blaSHV-28,blaSHV-28,AMR,BETA-LACTAM,BETA-LACTAM,True
AMR:blaSHV-2A,blaSHV-2A,AMR,BETA-LACTAM,CEPHALOSPORIN,True
AMR:blaSHV-30,blaSHV-30,AMR,BETA-LACTAM,CEPHALOSPORIN,True
AMR:blaSHV-31,blaSHV-31,AMR,BETA-LACTAM,CEPHALOSPORIN,True
AMR:blaSHV-32,blaSHV-32,AMR,BETA-LACTAM,BETA-LACTAM,True
AMR:blaSHV-33,blaSHV-33,AMR,BETA-LACTAM,BETA-LACTAM,True
AMR:blaSHV-36,blaSHV-36,AMR,BETA-LACTAM,BETA-LACTAM,True
AMR:blaSHV-37,blaSHV-37,AMR,BETA-LACTAM,BETA-LACTAM,True
AMR:blaSHV-40,blaSHV-40,AMR,BETA-LACTAM,BETA-LACTAM,True
AMR:blaSHV-41,blaSHV-41,AMR,BETA-LACTAM,BETA-LACTAM,True
AMR:blaSHV-42,blaSHV-42,AMR,BETA-LACTAM,BETA-LACTAM,True
AMR:blaSHV-49,blaSHV-49,AMR,BETA-LACTAM,BETA-LACTAM,True
AMR:blaSHV-5,blaSHV-5,AMR,BETA-LACTAM,CEPHALOSPORIN,True
AMR:blaSHV-52,blaSHV-52,AMR,BETA-LACTAM,BETA-LACTAM,True
AMR:blaSHV-60,blaSHV-60,AMR,BETA-LACTAM,BETA-LACTAM,True
AMR:blaSHV-61,blaSHV-61,AMR,BETA-LACTAM,BETA-LACTAM,True
AMR:blaSHV-62,blaSHV-62,AMR,BETA-LACTAM,BETA-LACTAM,True
AMR:blaSHV-63,blaSHV-63,AMR,BETA-LACTAM,BETA-LACTAM,True
AMR:blaSHV-65,blaSHV-65,AMR,BETA-LACTAM,CEPHALOSPORIN,True
AMR:blaSHV-69,blaSHV-69,AMR,BETA-LACTAM,BETA-LACTAM,True
AMR:blaSHV-7,blaSHV-7,AMR,BETA-LACTAM,CEPHALOSPORIN,True
AMR:blaSHV-71,blaSHV-71,AMR,BETA-LACTAM,BETA-LACTAM,True
AMR:blaSHV-75,blaSHV-75,AMR,BETA-LACTAM,BETA-LACTAM,True
AMR:blaSHV-76,blaSHV-76,AMR,BETA-LACTAM,BETA-LACTAM,True
AMR:blaSHV-77,blaSHV-77,AMR,BETA-LACTAM,BETA-LACTAM,True
AMR:blaSHV-80,blaSHV-80,AMR,BETA-LACTAM,BETA-LACTAM,True
AMR:blaSHV-89,blaSHV-89,AMR,BETA-LACTAM,BETA-LACTAM,True
AMR:blaTEM,blaTEM,AMR,BETA-LACTAM,BETA-LACTAM,True
AMR:blaTEM-1,blaTEM-1,AMR,BETA-LACTAM,BETA-LACTAM,True
AMR:blaTEM-169,blaTEM-169,AMR,BETA-LACTAM,CEPHALOSPORIN,True
AMR:blaTEM-19,blaTEM-19,AMR,BETA-LACTAM,CEPHALOSPORIN,True
AMR:blaTEM-190,blaTEM-190,AMR,BETA-LACTAM,BETA-LACTAM,True
AMR:blaTEM-256,blaTEM-256,AMR,BETA-LACTAM,BETA-LACTAM,True
AMR:blaTEM-3,blaTEM-3,AMR,BETA-LACTAM,CEPHALOSPORIN,True
AMR:blaTEM-33,blaTEM-33,AMR,BETA-LACTAM,BETA-LACTAM,True
AMR:blaTEM-34,blaTEM-34,AMR,BETA-LACTAM,BETA-LACTAM,True
AMR:blaTEM-63,blaTEM-63,AMR,BETA-LACTAM,CEPHALOSPORIN,True
AMR:blaVEB-1,blaVEB-1,AMR,BETA-LACTAM,CEPHALOSPORIN,True
AMR:blaVIM-1,blaVIM-1,AMR,BETA-LACTAM,CARBAPENEM,True
AMR:blaVIM-19,blaVIM-19,AMR,BETA-LACTAM,CARBAPENEM,True
AMR:blaVIM-27,blaVIM-27,AMR,BETA-LACTAM,CARBAPENEM,True
AMR:blaVIM-33,blaVIM-33,AMR,BETA-LACTAM,CARBAPENEM,True
AMR:ble,ble,AMR,BLEOMYCIN,BLEOMYCIN,True
AMR:bleO,bleO,AMR,BLEOMYCIN,BLEOMYCIN,True
AMR:catA1,catA1,AMR,PHENICOL,CHLORAMPHENICOL,True
AMR:catA2,catA2,AMR,PHENICOL,CHLORAMPHENICOL,True
AMR:catB,catB,AMR,PHENICOL,CHLORAMPHENICOL,True
AMR:catB11,catB11,AMR,PHENICOL,CHLORAMPHENICOL,True
AMR:catB2,catB2,AMR,PHENICOL,CHLORAMPHENICOL,True
AMR:catB3,catB3,AMR,PHENICOL,CHLORAMPHENICOL,True
AMR:catB8,catB8,AMR,PHENICOL,CHLORAMPHENICOL,True
AMR:cfr,cfr,AMR,LINCOSAMIDE/OXAZOLIDINONE/PHENICOL/PLEUROMUTILIN/STREPTOGRAMIN,CHLORAMPHENICOL/CLINDAMYCIN/FLORFENICOL/LINEZOLID/STREPTOGRAMIN B/TIAMULIN/VIRGINIAMYCIN,True
AMR:cmlA,cmlA,AMR,PHENICOL,CHLORAMPHENICOL,True
AMR:cmlA1,cmlA1,AMR,PHENICOL,CHLORAMPHENICOL,True
AMR:cmlA4,cmlA4,AMR,PHENICOL,CHLORAMPHENICOL,True
AMR:cmlA5,cmlA5,AMR,PHENICOL,CHLORAMPHENICOL,True
AMR:cxpE,cxpE,AMR,PHENICOL,CHLORAMPHENICOL,True
AMR:dfrA1,dfrA1,AMR,TRIMETHOPRIM,TRIMETHOPRIM,True
AMR:dfrA10,dfrA10,AMR,TRIMETHOPRIM,TRIMETHOPRIM,True
AMR:dfrA12,dfrA12,AMR,TRIMETHOPRIM,TRIMETHOPRIM,True
AMR:dfrA14,dfrA14,AMR,TRIMETHOPRIM,TRIMETHOPRIM,True
AMR:dfrA15,dfrA15,AMR,TRIMETHOPRIM,TRIMETHOPRIM,True
AMR:dfrA16,dfrA16,AMR,TRIMETHOPRIM,TRIMETHOPRIM,True
AMR:dfrA17,dfrA17,AMR,TRIMETHOPRIM,TRIMETHOPRIM,True
AMR:dfrA18,dfrA18,AMR,TRIMETHOPRIM,TRIMETHOPRIM,True
AMR:dfrA19,dfrA19,AMR,TRIMETHOPRIM,TRIMETHOPRIM,True
AMR:dfrA21,dfrA21,AMR,TRIMETHOPRIM,TRIMETHOPRIM,True
AMR:dfrA22,dfrA22,AMR,TRIMETHOPRIM,TRIMETHOPRIM,True
AMR:dfrA23,dfrA23,AMR,TRIMETHOPRIM,TRIMETHOPRIM,True
AMR:dfrA25,dfrA25,AMR,TRIMETHOPRIM,TRIMETHOPRIM,True
AMR:dfrA26,dfrA26,AMR,TRIMETHOPRIM,TRIMETHOPRIM,True
AMR:dfrA27,dfrA27,AMR,TRIMETHOPRIM,TRIMETHOPRIM,True
AMR:dfrA30,dfrA30,AMR,TRIMETHOPRIM,TRIMETHOPRIM,True
AMR:dfrA33,dfrA33,AMR,TRIMETHOPRIM,TRIMETHOPRIM,True
AMR:dfrA35,dfrA35,AMR,TRIMETHOPRIM,TRIMETHOPRIM,True
AMR:dfrA4,dfrA4,AMR,TRIMETHOPRIM,TRIMETHOPRIM,True
AMR:dfrA44,dfrA44,AMR,TRIMETHOPRIM,TRIMETHOPRIM,True
AMR:dfrA45,dfrA45,AMR,TRIMETHOPRIM,TRIMETHOPRIM,True
AMR:dfrA5,dfrA5,AMR,TRIMETHOPRIM,TRIMETHOPRIM,True
AMR:dfrA50,dfrA50,AMR,TRIMETHOPRIM,TRIMETHOPRIM,True
AMR:dfrA7,dfrA7,AMR,TRIMETHOPRIM,TRIMETHOPRIM,True
AMR:dfrA8,dfrA8,AMR,TRIMETHOPRIM,TRIMETHOPRIM,True
AMR:dfrB3,dfrB3,AMR,TRIMETHOPRIM,TRIMETHOPRIM,True
AMR:emrD,emrD,AMR,EFFLUX,EFFLUX,True
AMR:ere(A),ere(A),AMR,MACROLIDE,ERYTHROMYCIN,True
AMR:erm(42),erm(42),AMR,LINCOSAMIDE/MACROLIDE,CLINDAMYCIN/ERYTHROMYCIN,True
AMR:erm(A),erm(A),AMR,LINCOSAMIDE/MACROLIDE,AZITHROMYCIN/CLARITHROMYCIN/CLINDAMYCIN/ERYTHROMYCIN/TELITHROMYCIN,True
AMR:erm(B),erm(B),AMR,LINCOSAMIDE/MACROLIDE/STREPTOGRAMIN,CLINDAMYCIN/ERYTHROMYCIN/STREPTOGRAMIN B,True
AMR:estX-3,estX-3,AMR,MACROLIDE,TYLOSIN,True
AMR:floR,floR,AMR,PHENICOL,CHLORAMPHENICOL/FLORFENICOL,True
AMR:floR2,floR2,AMR,PHENICOL,CHLORAMPHENICOL/FLORFENICOL,True
AMR:fosA,fosA,AMR,FOSFOMYCIN,FOSFOMYCIN,True
AMR:fosA10,fosA10,AMR,FOSFOMYCIN,FOSFOMYCIN,True
AMR:fosA3,fosA3,AMR,FOSFOMYCIN,FOSFOMYCIN,True
AMR:fosA5,fosA5,AMR,FOSFOMYCIN,FOSFOMYCIN,True
AMR:fosA7,fosA7,AMR,FOSFOMYCIN,FOSFOMYCIN,True
AMR:fosA9,fosA9,AMR,FOSFOMYCIN,FOSFOMYCIN,True
AMR:lnu(F),lnu(F),AMR,LINCOSAMIDE,LINCOSAMIDE,True
AMR:mcr-1.1,mcr-1.1,AMR,COLISTIN,COLISTIN,True
AMR:mcr-10.1,mcr-10.1,AMR,COLISTIN,COLISTIN,True
AMR:mcr-3.1,mcr-3.1,AMR,COLISTIN,COLISTIN,True
AMR:mcr-3.20,mcr-3.20,AMR,COLISTIN,COLISTIN,True
AMR:mcr-3.4,mcr-3.4,AMR,COLISTIN,COLISTIN,True
AMR:mcr-9.1,mcr-9.1,AMR,COLISTIN,COLISTIN,True
AMR:mdtM,mdtM,AMR,EFFLUX,EFFLUX,True
AMR:mef(B),mef(B),AMR,MACROLIDE,AZITHROMYCIN/ERYTHROMYCIN,True
AMR:mph(A),mph(A),AMR,MACROLIDE,AZITHROMYCIN/ERYTHROMYCIN/SPIRAMYCIN/TELITHROMYCIN,True
AMR:mph(B),mph(B),AMR,MACROLIDE,ERYTHROMYCIN/SPIRAMYCIN/TELITHROMYCIN,True
AMR:mph(E),mph(E),AMR,MACROLIDE,ERYTHROMYCIN,True
AMR:mrx(A),mrx(A),AMR,MACROLIDE,AZITHROMYCIN/ERYTHROMYCIN/SPIRAMYCIN/TELITHROMYCIN,True
AMR:msr(E),msr(E),AMR,MACROLIDE/STREPTOGRAMIN,AZITHROMYCIN/ERYTHROMYCIN/STREPTOGRAMIN,True
AMR:oqxA,oqxA,AMR,NITROFURAN/PHENICOL/QUINOLONE/TETRACYCLINE,NITROFURANTOIN/PHENICOL/QUINOLONE/TIGECYCLINE,True
AMR:oqxA10,oqxA10,AMR,PHENICOL/QUINOLONE,PHENICOL/QUINOLONE,True
AMR:oqxA11,oqxA11,AMR,PHENICOL/QUINOLONE,PHENICOL/QUINOLONE,True
AMR:oqxA3,oqxA3,AMR,PHENICOL/QUINOLONE,PHENICOL/QUINOLONE,True
AMR:oqxA4,oqxA4,AMR,PHENICOL/QUINOLONE,PHENICOL/QUINOLONE,True
AMR:oqxA6,oqxA6,AMR,PHENICOL/QUINOLONE,PHENICOL/QUINOLONE,True
AMR:oqxB,oqxB,AMR,NITROFURAN/PHENICOL/QUINOLONE/TETRACYCLINE,NITROFURANTOIN/PHENICOL/QUINOLONE/TIGECYCLINE,True
AMR:oqxB14,oqxB14,AMR,PHENICOL/QUINOLONE,PHENICOL/QUINOLONE,True
AMR:oqxB15,oqxB15,AMR,PHENICOL/QUINOLONE,PHENICOL/QUINOLONE,True
AMR:oqxB19,oqxB19,AMR,PHENICOL/QUINOLONE,PHENICOL/QUINOLONE,True
AMR:oqxB20,oqxB20,AMR,PHENICOL/QUINOLONE,PHENICOL/QUINOLONE,True
AMR:oqxB21,oqxB21,AMR,PHENICOL/QUINOLONE,PHENICOL/QUINOLONE,True
AMR:oqxB22,oqxB22,AMR,PHENICOL/QUINOLONE,PHENICOL/QUINOLONE,True
AMR:oqxB25,oqxB25,AMR,PHENICOL/QUINOLONE,PHENICOL/QUINOLONE,True
AMR:oqxB27,oqxB27,AMR,PHENICOL/QUINOLONE,PHENICOL/QUINOLONE,True
AMR:oqxB32,oqxB32,AMR,PHENICOL/QUINOLONE,PHENICOL/QUINOLONE,True
AMR:oqxB5,oqxB5,AMR,PHENICOL/QUINOLONE,PHENICOL/QUINOLONE,True
AMR:oqxB6,oqxB6,AMR,PHENICOL/QUINOLONE,PHENICOL/QUINOLONE,True
AMR:oqxB9,oqxB9,AMR,PHENICOL/QUINOLONE,PHENICOL/QUINOLONE,True
AMR:qepA1,qepA1,AMR,QUINOLONE,QUINOLONE,True
AMR:qnrA1,qnrA1,AMR,QUINOLONE,QUINOLONE,True
AMR:qnrA3,qnrA3,AMR,QUINOLONE,QUINOLONE,True
AMR:qnrB,qnrB,AMR,QUINOLONE,QUINOLONE,True
AMR:qnrB1,qnrB1,AMR,QUINOLONE,QUINOLONE,True
AMR:qnrB10,qnrB10,AMR,QUINOLONE,QUINOLONE,True
AMR:qnrB17,qnrB17,AMR,QUINOLONE,QUINOLONE,True
AMR:qnrB19,qnrB19,AMR,QUINOLONE,QUINOLONE,True
AMR:qnrB2,qnrB2,AMR,QUINOLONE,QUINOLONE,True
AMR:qnrB4,qnrB4,AMR,QUINOLONE,QUINOLONE,True
AMR:qnrB52,qnrB52,AMR,QUINOLONE,QUINOLONE,True
AMR:qnrB6,qnrB6,AMR,QUINOLONE,QUINOLONE,True
AMR:qnrB7,qnrB7,AMR,QUINOLONE,QUINOLONE,True
AMR:qnrB9,qnrB9,AMR,QUINOLONE,QUINOLONE,True
AMR:qnrB91,qnrB91,AMR,QUINOLONE,QUINOLONE,True
AMR:qnrE1,qnrE1,AMR,QUINOLONE,QUINOLONE,True
AMR:qnrS,qnrS,AMR,QUINOLONE,QUINOLONE,True
AMR:qnrS1,qnrS1,AMR,QUINOLONE,QUINOLONE,True
AMR:qnrVC4,qnrVC4,AMR,QUINOLONE,QUINOLONE,True
AMR:rdmCL,rdmCL,AMR,MACROLIDE,TYLOSIN,True
AMR:rmtB,rmtB,AMR,AMINOGLYCOSIDE,AMINOGLYCOSIDE,True
AMR:rmtB1,rmtB1,AMR,AMINOGLYCOSIDE,AMINOGLYCOSIDE,True
AMR:rmtC,rmtC,AMR,AMINOGLYCOSIDE,AMINOGLYCOSIDE,True
AMR:rmtF,rmtF,AMR,AMINOGLYCOSIDE,AMINOGLYCOSIDE,True
AMR:rmtF1,rmtF1,AMR,AMINOGLYCOSIDE,AMINOGLYCOSIDE,True
AMR:rmtG,rmtG,AMR,AMINOGLYCOSIDE,AMINOGLYCOSIDE,True
AMR:sat2,sat2,AMR,STREPTOTHRICIN,STREPTOTHRICIN,True
AMR:smfY,smfY,AMR,EFFLUX,EFFLUX,True
AMR:sul1,sul1,AMR,SULFONAMIDE,SULFONAMIDE,True
AMR:sul2,sul2,AMR,SULFONAMIDE,SULFONAMIDE,True
AMR:sul3,sul3,AMR,SULFONAMIDE,SULFONAMIDE,True
AMR:tet(A),tet(A),AMR,TETRACYCLINE,TETRACYCLINE,True
AMR:tet(B),tet(B),AMR,TETRACYCLINE,TETRACYCLINE,True
AMR:tet(C),tet(C),AMR,TETRACYCLINE,TETRACYCLINE,True
AMR:tet(D),tet(D),AMR,TETRACYCLINE,TETRACYCLINE,True
AMR:tet(G),tet(G),AMR,TETRACYCLINE,TETRACYCLINE,True
AMR:tet(J),tet(J),AMR,TETRACYCLINE,TETRACYCLINE,True
AMR:tet(L),tet(L),AMR,TETRACYCLINE,TETRACYCLINE,True
AMR:tet(M),tet(M),AMR,TETRACYCLINE,TETRACYCLINE,True
AMR:tet(W),tet(W),AMR,TETRACYCLINE,TETRACYCLINE,True
AMR:tmexC3,tmexC3,AMR,TETRACYCLINE,TIGECYCLINE,True
AMR:tmexD3,tmexD3,AMR,TETRACYCLINE,TIGECYCLINE,True
AMR:toprJ,toprJ,AMR,TETRACYCLINE,TIGECYCLINE,True
POINT:acrR_M109I,acrR_M109I,POINT,TETRACYCLINE,TIGECYCLINE,True
POINT:acrR_V165I,acrR_V165I,POINT,TETRACYCLINE,TIGECYCLINE,True
POINT:acrR_Y114F,acrR_Y114F,POINT,TETRACYCLINE,TIGECYCLINE,True
POINT:blaSHV_C-112A,blaSHV_C-112A,POINT,BETA-LACTAM,CEFIDEROCOL/CEPHALOSPORIN,True
POINT:crrB_G183V,crrB_G183V,POINT,COLISTIN,COLISTIN,True
POINT:crrB_L94M,crrB_L94M,POINT,COLISTIN,COLISTIN,True
POINT:crrB_P151L,crrB_P151L,POINT,COLISTIN,COLISTIN,True
POINT:crrB_Q10L,crrB_Q10L,POINT,COLISTIN,COLISTIN,True
POINT:crrB_W140R,crrB_W140R,POINT,COLISTIN,COLISTIN,True
POINT:gyrA_D87A,gyrA_D87A,POINT,QUINOLONE,QUINOLONE,True
POINT:gyrA_D87G,gyrA_D87G,POINT,QUINOLONE,QUINOLONE,True
POINT:gyrA_D87H,gyrA_D87H,POINT,QUINOLONE,QUINOLONE,True
POINT:gyrA_D87N,gyrA_D87N,POINT,QUINOLONE,QUINOLONE,True
POINT:gyrA_D87Y,gyrA_D87Y,POINT,QUINOLONE,QUINOLONE,True
POINT:gyrA_S83F,gyrA_S83F,POINT,QUINOLONE,QUINOLONE,True
POINT:gyrA_S83I,gyrA_S83I,POINT,QUINOLONE,QUINOLONE,True
POINT:gyrA_S83L,gyrA_S83L,POINT,QUINOLONE,QUINOLONE,True
POINT:gyrA_S83Y,gyrA_S83Y,POINT,QUINOLONE,QUINOLONE,True
POINT:mdrA_D354A,mdrA_D354A,POINT,BETA-LACTAM,CEFTAZIDIME-AVIBACTAM,True
POINT:mgrB_A14S,mgrB_A14S,POINT,COLISTIN,COLISTIN,True
POINT:mgrB_C28F,mgrB_C28F,POINT,COLISTIN,COLISTIN,True
POINT:mgrB_D31N,mgrB_D31N,POINT,COLISTIN,COLISTIN,True
POINT:mgrB_G37S,mgrB_G37S,POINT,COLISTIN,COLISTIN,True
POINT:mgrB_Q30Ter,mgrB_Q30Ter,POINT,COLISTIN,COLISTIN,True
POINT:mgrB_W20R,mgrB_W20R,POINT,COLISTIN,COLISTIN,True
POINT:mgrB_W47R,mgrB_W47R,POINT,COLISTIN,COLISTIN,True
POINT:ompK35_E132K,ompK35_E132K,POINT,BETA-LACTAM,CARBAPENEM,True
POINT:ompK35_W230Ter,ompK35_W230Ter,POINT,BETA-LACTAM,CARBAPENEM,True
POINT:ompK36_D135DD,ompK36_D135DD,POINT,BETA-LACTAM,CARBAPENEM,True
POINT:ompK36_D135DGD,ompK36_D135DGD,POINT,BETA-LACTAM,CARBAPENEM,True
POINT:ompK36_Q313Ter,ompK36_Q313Ter,POINT,BETA-LACTAM,CARBAPENEM,True
POINT:ompK36_Q66Ter,ompK36_Q66Ter,POINT,BETA-LACTAM,CARBAPENEM,True
POINT:ompK36_Q70Ter,ompK36_Q70Ter,POINT,BETA-LACTAM,CARBAPENEM,True
POINT:ompK36_T136TDT,ompK36_T136TDT,POINT,BETA-LACTAM,CARBAPENEM,True
POINT:ompK36_W125Ter,ompK36_W125Ter,POINT,BETA-LACTAM,CARBAPENEM,True
POINT:oqxR_D95E,oqxR_D95E,POINT,NITROFURAN/PHENICOL/QUINOLONE/TETRACYCLINE,NITROFURANTOIN/PHENICOL/QUINOLONE/TIGECYCLINE,True
POINT:oqxR_V113I,oqxR_V113I,POINT,NITROFURAN/PHENICOL/QUINOLONE/TETRACYCLINE,NITROFURANTOIN/PHENICOL/QUINOLONE/TIGECYCLINE,True
POINT:parC_E84K,parC_E84K,POINT,QUINOLONE,QUINOLONE,True
POINT:parC_S80I,parC_S80I,POINT,QUINOLONE,QUINOLONE,True
POINT:phoP_D191Y,phoP_D191Y,POINT,COLISTIN,COLISTIN,True
POINT:phoQ_D438N,phoQ_D438N,POINT,COLISTIN,COLISTIN,True
POINT:phoQ_G385S,phoQ_G385S,POINT,COLISTIN,COLISTIN,True
POINT:phoQ_L396Q,phoQ_L396Q,POINT,COLISTIN,COLISTIN,True
POINT:phoQ_R16C,phoQ_R16C,POINT,COLISTIN,COLISTIN,True
POINT:phoQ_S56R,phoQ_S56R,POINT,COLISTIN,COLISTIN,True
POINT:phoQ_V24G,phoQ_V24G,POINT,COLISTIN,COLISTIN,True
POINT:pmrA_G53C,pmrA_G53C,POINT,COLISTIN,COLISTIN,True
POINT:pmrA_G53S,pmrA_G53S,POINT,COLISTIN,COLISTIN,True
POINT:pmrA_S42N,pmrA_S42N,POINT,COLISTIN,COLISTIN,True
POINT:pmrB_L17Q,pmrB_L17Q,POINT,COLISTIN,COLISTIN,True
POINT:pmrB_T140P,pmrB_T140P,POINT,COLISTIN,COLISTIN,True
POINT:pmrB_T157P,pmrB_T157P,POINT,COLISTIN,COLISTIN,True
POINT:ramR_A19V,ramR_A19V,POINT,TETRACYCLINE,TIGECYCLINE,True
POINT:ramR_D152Y,ramR_D152Y,POINT,BETA-LACTAM/PHENICOL/QUINOLONE/TETRACYCLINE,CHLORAMPHENICOL/QUINOLONE/TEMOCILLIN/TIGECYCLINE,True
POINT:ramR_I88N,ramR_I88N,POINT,TETRACYCLINE,TIGECYCLINE,True
POINT:ramR_K5E,ramR_K5E,POINT,TETRACYCLINE,TIGECYCLINE,True
POINT:ramR_T43M,ramR_T43M,POINT,TETRACYCLINE,TIGECYCLINE,True
POINT:rpsJ_V57L,rpsJ_V57L,POINT,TETRACYCLINE,TIGECYCLINE,True
POINT_DISRUPT:cirA_A251EfsTer26,cirA_A251EfsTer26,POINT_DISRUPT,BETA-LACTAM,CEFIDEROCOL,True
POINT_DISRUPT:cirA_D443TerfsTer0,cirA_D443TerfsTer0,POINT_DISRUPT,BETA-LACTAM,CEFIDEROCOL,True
POINT_DISRUPT:cirA_D72Ter,cirA_D72Ter,POINT_DISRUPT,BETA-LACTAM,CEFIDEROCOL,True
POINT_DISRUPT:cirA_E30Ter,cirA_E30Ter,POINT_DISRUPT,BETA-LACTAM,CEFIDEROCOL,True
POINT_DISRUPT:cirA_E528Ter,cirA_E528Ter,POINT_DISRUPT,BETA-LACTAM,CEFIDEROCOL,True
POINT_DISRUPT:cirA_F362LfsTer13,cirA_F362LfsTer13,POINT_DISRUPT,BETA-LACTAM,CEFIDEROCOL,True
POINT_DISRUPT:cirA_I159SfsTer8,cirA_I159SfsTer8,POINT_DISRUPT,BETA-LACTAM,CEFIDEROCOL,True
POINT_DISRUPT:cirA_L99PfsTer9,cirA_L99PfsTer9,POINT_DISRUPT,BETA-LACTAM,CEFIDEROCOL,True
POINT_DISRUPT:cirA_N122TfsTer45,cirA_N122TfsTer45,POINT_DISRUPT,BETA-LACTAM,CEFIDEROCOL,True
POINT_DISRUPT:cirA_N299KfsTer26,cirA_N299KfsTer26,POINT_DISRUPT,BETA-LACTAM,CEFIDEROCOL,True
POINT_DISRUPT:cirA_Q562Ter,cirA_Q562Ter,POINT_DISRUPT,BETA-LACTAM,CEFIDEROCOL,True
POINT_DISRUPT:cirA_Q77RfsTer16,cirA_Q77RfsTer16,POINT_DISRUPT,BETA-LACTAM,CEFIDEROCOL,True
POINT_DISRUPT:cirA_S18Ter,cirA_S18Ter,POINT_DISRUPT,BETA-LACTAM,CEFIDEROCOL,True
POINT_DISRUPT:cirA_Y203Ter,cirA_Y203Ter,POINT_DISRUPT,BETA-LACTAM,CEFIDEROCOL,True
POINT_DISRUPT:cirA_Y97IfsTer2,cirA_Y97IfsTer2,POINT_DISRUPT,BETA-LACTAM,CEFIDEROCOL,True
POINT_DISRUPT:mgrB_C28Ter,mgrB_C28Ter,POINT_DISRUPT,COLISTIN,COLISTIN,True
POINT_DISRUPT:mgrB_F35SfsTer37,mgrB_F35SfsTer37,POINT_DISRUPT,COLISTIN,COLISTIN,True
POINT_DISRUPT:mgrB_F44Ter,mgrB_F44Ter,POINT_DISRUPT,COLISTIN,COLISTIN,True
POINT_DISRUPT:mgrB_G37VfsTer32,mgrB_G37VfsTer32,POINT_DISRUPT,COLISTIN,COLISTIN,True
POINT_DISRUPT:mgrB_G37YfsTer1,mgrB_G37YfsTer1,POINT_DISRUPT,COLISTIN,COLISTIN,True
POINT_DISRUPT:mgrB_K3Ter,mgrB_K3Ter,POINT_DISRUPT,COLISTIN,COLISTIN,True
POINT_DISRUPT:mgrB_K43Ter,mgrB_K43Ter,POINT_DISRUPT,COLISTIN,COLISTIN,True
POINT_DISRUPT:mgrB_L18Ter,mgrB_L18Ter,POINT_DISRUPT,COLISTIN,COLISTIN,True
POINT_DISRUPT:mgrB_L4Ter,mgrB_L4Ter,POINT_DISRUPT,COLISTIN,COLISTIN,True
POINT_DISRUPT:mgrB_L8FfsTer1,mgrB_L8FfsTer1,POINT_DISRUPT,COLISTIN,COLISTIN,True
POINT_DISRUPT:mgrB_L8FfsTer11,mgrB_L8FfsTer11,POINT_DISRUPT,COLISTIN,COLISTIN,True
POINT_DISRUPT:mgrB_L8FfsTer14,mgrB_L8FfsTer14,POINT_DISRUPT,COLISTIN,COLISTIN,True
POINT_DISRUPT:mgrB_L8YfsTer1,mgrB_L8YfsTer1,POINT_DISRUPT,COLISTIN,COLISTIN,True
POINT_DISRUPT:mgrB_N25KfsTer9,mgrB_N25KfsTer9,POINT_DISRUPT,COLISTIN,COLISTIN,True
POINT_DISRUPT:mgrB_N25RfsTer14,mgrB_N25RfsTer14,POINT_DISRUPT,COLISTIN,COLISTIN,True
POINT_DISRUPT:mgrB_N25TfsTer1,mgrB_N25TfsTer1,POINT_DISRUPT,COLISTIN,COLISTIN,True
POINT_DISRUPT:mgrB_V26insTer6,mgrB_V26insTer6,POINT_DISRUPT,COLISTIN,COLISTIN,True
POINT_DISRUPT:mgrB_W20Ter,mgrB_W20Ter,POINT_DISRUPT,COLISTIN,COLISTIN,True
POINT_DISRUPT:mgrB_W6Ter,mgrB_W6Ter,POINT_DISRUPT,COLISTIN,COLISTIN,True
POINT_DISRUPT:nfsB_A58LfsTer74,nfsB_A58LfsTer74,POINT_DISRUPT,NITROFURAN,NITROFURANTOIN,True
POINT_DISRUPT:nfsB_A64SfsTer11,nfsB_A64SfsTer11,POINT_DISRUPT,NITROFURAN,NITROFURANTOIN,True
POINT_DISRUPT:nfsB_D126EfsTer12,nfsB_D126EfsTer12,POINT_DISRUPT,NITROFURAN,NITROFURANTOIN,True
POINT_DISRUPT:nfsB_E102HfsTer7,nfsB_E102HfsTer7,POINT_DISRUPT,NITROFURAN,NITROFURANTOIN,True
POINT_DISRUPT:nfsB_E102Ter,nfsB_E102Ter,POINT_DISRUPT,NITROFURAN,NITROFURANTOIN,True
POINT_DISRUPT:nfsB_E103Ter,nfsB_E103Ter,POINT_DISRUPT,NITROFURAN,NITROFURANTOIN,True
POINT_DISRUPT:nfsB_E165Ter,nfsB_E165Ter,POINT_DISRUPT,NITROFURAN,NITROFURANTOIN,True
POINT_DISRUPT:nfsB_E175Ter,nfsB_E175Ter,POINT_DISRUPT,NITROFURAN,NITROFURANTOIN,True
POINT_DISRUPT:nfsB_E26KfsTer4,nfsB_E26KfsTer4,POINT_DISRUPT,NITROFURAN,NITROFURANTOIN,True
POINT_DISRUPT:nfsB_E26Ter,nfsB_E26Ter,POINT_DISRUPT,NITROFURAN,NITROFURANTOIN,True
POINT_DISRUPT:nfsB_K130QfsTer5,nfsB_K130QfsTer5,POINT_DISRUPT,NITROFURAN,NITROFURANTOIN,True
POINT_DISRUPT:nfsB_K130Ter,nfsB_K130Ter,POINT_DISRUPT,NITROFURAN,NITROFURANTOIN,True
POINT_DISRUPT:nfsB_K21SfsTer1,nfsB_K21SfsTer1,POINT_DISRUPT,NITROFURAN,NITROFURANTOIN,True
POINT_DISRUPT:nfsB_K62Ter,nfsB_K62Ter,POINT_DISRUPT,NITROFURAN,NITROFURANTOIN,True
POINT_DISRUPT:nfsB_M157WfsTer21,nfsB_M157WfsTer21,POINT_DISRUPT,NITROFURAN,NITROFURANTOIN,True
POINT_DISRUPT:nfsB_Q101Ter,nfsB_Q101Ter,POINT_DISRUPT,NITROFURAN,NITROFURANTOIN,True
POINT_DISRUPT:nfsB_Q29Ter,nfsB_Q29Ter,POINT_DISRUPT,NITROFURAN,NITROFURANTOIN,True
POINT_DISRUPT:nfsB_Q35Ter,nfsB_Q35Ter,POINT_DISRUPT,NITROFURAN,NITROFURANTOIN,True
POINT_DISRUPT:nfsB_Q96Ter,nfsB_Q96Ter,POINT_DISRUPT,NITROFURAN,NITROFURANTOIN,True
POINT_DISRUPT:nfsB_R121PfsTer7,nfsB_R121PfsTer7,POINT_DISRUPT,NITROFURAN,NITROFURANTOIN,True
POINT_DISRUPT:nfsB_V167GfsTer7,nfsB_V167GfsTer7,POINT_DISRUPT,NITROFURAN,NITROFURANTOIN,True
POINT_DISRUPT:nfsB_V69GfsTer63,nfsB_V69GfsTer63,POINT_DISRUPT,NITROFURAN,NITROFURANTOIN,True
POINT_DISRUPT:nfsB_W46Ter,nfsB_W46Ter,POINT_DISRUPT,NITROFURAN,NITROFURANTOIN,True
POINT_DISRUPT:nfsB_Y144Ter,nfsB_Y144Ter,POINT_DISRUPT,NITROFURAN,NITROFURANTOIN,True
POINT_DISRUPT:nfsB_Y183Ter,nfsB_Y183Ter,POINT_DISRUPT,NITROFURAN,NITROFURANTOIN,True
POINT_DISRUPT:nfsB_Y36Ter,nfsB_Y36Ter,POINT_DISRUPT,NITROFURAN,NITROFURANTOIN,True
POINT_DISRUPT:ompK35_A119GfsTer13,ompK35_A119GfsTer13,POINT_DISRUPT,BETA-LACTAM,CARBAPENEM,True
POINT_DISRUPT:ompK35_A13CfsTer14,ompK35_A13CfsTer14,POINT_DISRUPT,BETA-LACTAM,CARBAPENEM,True
POINT_DISRUPT:ompK35_A170GfsTer83,ompK35_A170GfsTer83,POINT_DISRUPT,BETA-LACTAM,CARBAPENEM,True
POINT_DISRUPT:ompK35_A238LfsTer10,ompK35_A238LfsTer10,POINT_DISRUPT,BETA-LACTAM,CARBAPENEM,True
POINT_DISRUPT:ompK35_A244PfsTer9,ompK35_A244PfsTer9,POINT_DISRUPT,BETA-LACTAM,CARBAPENEM,True
POINT_DISRUPT:ompK35_A346VfsTer23,ompK35_A346VfsTer23,POINT_DISRUPT,BETA-LACTAM,CARBAPENEM,True
POINT_DISRUPT:ompK35_A59GfsTer21,ompK35_A59GfsTer21,POINT_DISRUPT,BETA-LACTAM,CARBAPENEM,True
POINT_DISRUPT:ompK35_D159AfsTer8,ompK35_D159AfsTer8,POINT_DISRUPT,BETA-LACTAM,CARBAPENEM,True
POINT_DISRUPT:ompK35_D165AfsTer85,ompK35_D165AfsTer85,POINT_DISRUPT,BETA-LACTAM,CARBAPENEM,True
POINT_DISRUPT:ompK35_D217TerfsTer0,ompK35_D217TerfsTer0,POINT_DISRUPT,BETA-LACTAM,CARBAPENEM,True
POINT_DISRUPT:ompK35_E269Ter,ompK35_E269Ter,POINT_DISRUPT,BETA-LACTAM,CARBAPENEM,True
POINT_DISRUPT:ompK35_E312Ter,ompK35_E312Ter,POINT_DISRUPT,BETA-LACTAM,CARBAPENEM,True
POINT_DISRUPT:ompK35_E42RfsTer47,ompK35_E42RfsTer47,POINT_DISRUPT,BETA-LACTAM,CARBAPENEM,True
POINT_DISRUPT:ompK35_F100LfsTer39,ompK35_F100LfsTer39,POINT_DISRUPT,BETA-LACTAM,CARBAPENEM,True
POINT_DISRUPT:ompK35_F300LfsTer25,ompK35_F300LfsTer25,POINT_DISRUPT,BETA-LACTAM,CARBAPENEM,True
POINT_DISRUPT:ompK35_G134AfsTer11,ompK35_G134AfsTer11,POINT_DISRUPT,BETA-LACTAM,CARBAPENEM,True
POINT_DISRUPT:ompK35_G151LfsTer2,ompK35_G151LfsTer2,POINT_DISRUPT,BETA-LACTAM,CARBAPENEM,True
POINT_DISRUPT:ompK35_G188AfsTer65,ompK35_G188AfsTer65,POINT_DISRUPT,BETA-LACTAM,CARBAPENEM,True
POINT_DISRUPT:ompK35_G208VfsTer5,ompK35_G208VfsTer5,POINT_DISRUPT,BETA-LACTAM,CARBAPENEM,True
POINT_DISRUPT:ompK35_G49AfsTer14,ompK35_G49AfsTer14,POINT_DISRUPT,BETA-LACTAM,CARBAPENEM,True
POINT_DISRUPT:ompK35_G62AfsTer1,ompK35_G62AfsTer1,POINT_DISRUPT,BETA-LACTAM,CARBAPENEM,True
POINT_DISRUPT:ompK35_G77VfsTer26,ompK35_G77VfsTer26,POINT_DISRUPT,BETA-LACTAM,CARBAPENEM,True
POINT_DISRUPT:ompK35_G90VfsTer13,ompK35_G90VfsTer13,POINT_DISRUPT,BETA-LACTAM,CARBAPENEM,True
POINT_DISRUPT:ompK35_I25KfsTer39,ompK35_I25KfsTer39,POINT_DISRUPT,BETA-LACTAM,CARBAPENEM,True
POINT_DISRUPT:ompK35_I69SfsTer1,ompK35_I69SfsTer1,POINT_DISRUPT,BETA-LACTAM,CARBAPENEM,True
POINT_DISRUPT:ompK35_K185Ter,ompK35_K185Ter,POINT_DISRUPT,BETA-LACTAM,CARBAPENEM,True
POINT_DISRUPT:ompK35_K235NfsTer18,ompK35_K235NfsTer18,POINT_DISRUPT,BETA-LACTAM,CARBAPENEM,True
POINT_DISRUPT:ompK35_K235Ter,ompK35_K235Ter,POINT_DISRUPT,BETA-LACTAM,CARBAPENEM,True
POINT_DISRUPT:ompK35_K28GfsTer11,ompK35_K28GfsTer11,POINT_DISRUPT,BETA-LACTAM,CARBAPENEM,True
POINT_DISRUPT:ompK35_K309NfsTer14,ompK35_K309NfsTer14,POINT_DISRUPT,BETA-LACTAM,CARBAPENEM,True
POINT_DISRUPT:ompK35_K309TfsTer1,ompK35_K309TfsTer1,POINT_DISRUPT,BETA-LACTAM,CARBAPENEM,True
POINT_DISRUPT:ompK35_K330Ter,ompK35_K330Ter,POINT_DISRUPT,BETA-LACTAM,CARBAPENEM,True
POINT_DISRUPT:ompK35_L73Ter,ompK35_L73Ter,POINT_DISRUPT,BETA-LACTAM,CARBAPENEM,True
POINT_DISRUPT:ompK35_M129CfsTer16,ompK35_M129CfsTer16,POINT_DISRUPT,BETA-LACTAM,CARBAPENEM,True
POINT_DISRUPT:ompK35_N116PfsTer1,ompK35_N116PfsTer1,POINT_DISRUPT,BETA-LACTAM,CARBAPENEM,True
POINT_DISRUPT:ompK35_N116RfsTer13,ompK35_N116RfsTer13,POINT_DISRUPT,BETA-LACTAM,CARBAPENEM,True
POINT_DISRUPT:ompK35_N139EfsTer18,ompK35_N139EfsTer18,POINT_DISRUPT,BETA-LACTAM,CARBAPENEM,True
POINT_DISRUPT:ompK35_N21KfsTer42,ompK35_N21KfsTer42,POINT_DISRUPT,BETA-LACTAM,CARBAPENEM,True
POINT_DISRUPT:ompK35_N29TfsTer34,ompK35_N29TfsTer34,POINT_DISRUPT,BETA-LACTAM,CARBAPENEM,True
POINT_DISRUPT:ompK35_P12SfsTer10,ompK35_P12SfsTer10,POINT_DISRUPT,BETA-LACTAM,CARBAPENEM,True
POINT_DISRUPT:ompK35_P12WfsTer1,ompK35_P12WfsTer1,POINT_DISRUPT,BETA-LACTAM,CARBAPENEM,True
POINT_DISRUPT:ompK35_P255QfsTer5,ompK35_P255QfsTer5,POINT_DISRUPT,BETA-LACTAM,CARBAPENEM,True
POINT_DISRUPT:ompK35_Q275HfsTer11,ompK35_Q275HfsTer11,POINT_DISRUPT,BETA-LACTAM,CARBAPENEM,True
POINT_DISRUPT:ompK35_Q288Ter,ompK35_Q288Ter,POINT_DISRUPT,BETA-LACTAM,CARBAPENEM,True
POINT_DISRUPT:ompK35_Q68Ter,ompK35_Q68Ter,POINT_DISRUPT,BETA-LACTAM,CARBAPENEM,True
POINT_DISRUPT:ompK35_Q78Ter,ompK35_Q78Ter,POINT_DISRUPT,BETA-LACTAM,CARBAPENEM,True
POINT_DISRUPT:ompK35_Q92Ter,ompK35_Q92Ter,POINT_DISRUPT,BETA-LACTAM,CARBAPENEM,True
POINT_DISRUPT:ompK35_Q92TfsTer22,ompK35_Q92TfsTer22,POINT_DISRUPT,BETA-LACTAM,CARBAPENEM,True
POINT_DISRUPT:ompK35_R115VfsTer30,ompK35_R115VfsTer30,POINT_DISRUPT,BETA-LACTAM,CARBAPENEM,True
POINT_DISRUPT:ompK35_R148PfsTer20,ompK35_R148PfsTer20,POINT_DISRUPT,BETA-LACTAM,CARBAPENEM,True
POINT_DISRUPT:ompK35_R60LfsTer31,ompK35_R60LfsTer31,POINT_DISRUPT,BETA-LACTAM,CARBAPENEM,True
POINT_DISRUPT:ompK35_S110YfsTer35,ompK35_S110YfsTer35,POINT_DISRUPT,BETA-LACTAM,CARBAPENEM,True
POINT_DISRUPT:ompK35_S233LfsTer20,ompK35_S233LfsTer20,POINT_DISRUPT,BETA-LACTAM,CARBAPENEM,True
POINT_DISRUPT:ompK35_S86CfsTer4,ompK35_S86CfsTer4,POINT_DISRUPT,BETA-LACTAM,CARBAPENEM,True
POINT_DISRUPT:ompK35_S86VfsTer3,ompK35_S86VfsTer3,POINT_DISRUPT,BETA-LACTAM,CARBAPENEM,True
POINT_DISRUPT:ompK35_T232RfsTer22,ompK35_T232RfsTer22,POINT_DISRUPT,BETA-LACTAM,CARBAPENEM,True
POINT_DISRUPT:ompK35_T47DfsTer43,ompK35_T47DfsTer43,POINT_DISRUPT,BETA-LACTAM,CARBAPENEM,True
POINT_DISRUPT:ompK35_T51IfsTer8,ompK35_T51IfsTer8,POINT_DISRUPT,BETA-LACTAM,CARBAPENEM,True
POINT_DISRUPT:ompK35_T96PfsTer7,ompK35_T96PfsTer7,POINT_DISRUPT,BETA-LACTAM,CARBAPENEM,True
POINT_DISRUPT:ompK35_V123RfsTer9,ompK35_V123RfsTer9,POINT_DISRUPT,BETA-LACTAM,CARBAPENEM,True
POINT_DISRUPT:ompK35_V131LfsTer14,ompK35_V131LfsTer14,POINT_DISRUPT,BETA-LACTAM,CARBAPENEM,True
POINT_DISRUPT:ompK35_W133Ter,ompK35_W133Ter,POINT_DISRUPT,BETA-LACTAM,CARBAPENEM,True
POINT_DISRUPT:ompK35_W138Ter,ompK35_W138Ter,POINT_DISRUPT,BETA-LACTAM,CARBAPENEM,True
POINT_DISRUPT:ompK35_W230GfsTer23,ompK35_W230GfsTer23,POINT_DISRUPT,BETA-LACTAM,CARBAPENEM,True
POINT_DISRUPT:ompK35_W316Ter,ompK35_W316Ter,POINT_DISRUPT,BETA-LACTAM,CARBAPENEM,True
POINT_DISRUPT:ompK35_Y108Ter,ompK35_Y108Ter,POINT_DISRUPT,BETA-LACTAM,CARBAPENEM,True
POINT_DISRUPT:ompK35_Y108TerfsTer0,ompK35_Y108TerfsTer0,POINT_DISRUPT,BETA-LACTAM,CARBAPENEM,True
POINT_DISRUPT:ompK35_Y113TerfsTer0,ompK35_Y113TerfsTer0,POINT_DISRUPT,BETA-LACTAM,CARBAPENEM,True
POINT_DISRUPT:ompK35_Y155Ter,ompK35_Y155Ter,POINT_DISRUPT,BETA-LACTAM,CARBAPENEM,True
POINT_DISRUPT:ompK35_Y173Ter,ompK35_Y173Ter,POINT_DISRUPT,BETA-LACTAM,CARBAPENEM,True
POINT_DISRUPT:ompK35_Y197TfsTer56,ompK35_Y197TfsTer56,POINT_DISRUPT,BETA-LACTAM,CARBAPENEM,True
POINT_DISRUPT:ompK35_Y251Ter,ompK35_Y251Ter,POINT_DISRUPT,BETA-LACTAM,CARBAPENEM,True
POINT_DISRUPT:ompK35_Y329Ter,ompK35_Y329Ter,POINT_DISRUPT,BETA-LACTAM,CARBAPENEM,True
POINT_DISRUPT:ompK35_Y36Ter,ompK35_Y36Ter,POINT_DISRUPT,BETA-LACTAM,CARBAPENEM,True
POINT_DISRUPT:ompK35_Y76Ter,ompK35_Y76Ter,POINT_DISRUPT,BETA-LACTAM,CARBAPENEM,True
POINT_DISRUPT:ompK35_Y76TerfsTer0,ompK35_Y76TerfsTer0,POINT_DISRUPT,BETA-LACTAM,CARBAPENEM,True
POINT_DISRUPT:ompK35_Y81Ter,ompK35_Y81Ter,POINT_DISRUPT,BETA-LACTAM,CARBAPENEM,True
POINT_DISRUPT:ompK36_A12LfsTer3,ompK36_A12LfsTer3,POINT_DISRUPT,BETA-LACTAM,CARBAPENEM,True
POINT_DISRUPT:ompK36_A218RfsTer7,ompK36_A218RfsTer7,POINT_DISRUPT,BETA-LACTAM,CARBAPENEM,True
POINT_DISRUPT:ompK36_A275insTer9,ompK36_A275insTer9,POINT_DISRUPT,BETA-LACTAM,CARBAPENEM,True
POINT_DISRUPT:ompK36_A298RfsTer6,ompK36_A298RfsTer6,POINT_DISRUPT,BETA-LACTAM,CARBAPENEM,True
POINT_DISRUPT:ompK36_D121PfsTer41,ompK36_D121PfsTer41,POINT_DISRUPT,BETA-LACTAM,CARBAPENEM,True
POINT_DISRUPT:ompK36_D127TfsTer38,ompK36_D127TfsTer38,POINT_DISRUPT,BETA-LACTAM,CARBAPENEM,True
POINT_DISRUPT:ompK36_E181Ter,ompK36_E181Ter,POINT_DISRUPT,BETA-LACTAM,CARBAPENEM,True
POINT_DISRUPT:ompK36_G108LfsTer9,ompK36_G108LfsTer9,POINT_DISRUPT,BETA-LACTAM,CARBAPENEM,True
POINT_DISRUPT:ompK36_G173RfsTer30,ompK36_G173RfsTer30,POINT_DISRUPT,BETA-LACTAM,CARBAPENEM,True
POINT_DISRUPT:ompK36_G29GALLNKTer,ompK36_G29GALLNKTer,POINT_DISRUPT,BETA-LACTAM,CARBAPENEM,True
POINT_DISRUPT:ompK36_I339SfsTer34,ompK36_I339SfsTer34,POINT_DISRUPT,BETA-LACTAM,CARBAPENEM,True
POINT_DISRUPT:ompK36_K174TerfsTer0,ompK36_K174TerfsTer0,POINT_DISRUPT,BETA-LACTAM,CARBAPENEM,True
POINT_DISRUPT:ompK36_K231SfsTer16,ompK36_K231SfsTer16,POINT_DISRUPT,BETA-LACTAM,CARBAPENEM,True
POINT_DISRUPT:ompK36_K27IfsTer5,ompK36_K27IfsTer5,POINT_DISRUPT,BETA-LACTAM,CARBAPENEM,True
POINT_DISRUPT:ompK36_K2Ter,ompK36_K2Ter,POINT_DISRUPT,BETA-LACTAM,CARBAPENEM,True
POINT_DISRUPT:ompK36_N175KfsTer33,ompK36_N175KfsTer33,POINT_DISRUPT,BETA-LACTAM,CARBAPENEM,True
POINT_DISRUPT:ompK36_N20KfsTer3,ompK36_N20KfsTer3,POINT_DISRUPT,BETA-LACTAM,CARBAPENEM,True
POINT_DISRUPT:ompK36_N84TfsTer18,ompK36_N84TfsTer18,POINT_DISRUPT,BETA-LACTAM,CARBAPENEM,True
POINT_DISRUPT:ompK36_P130RfsTer5,ompK36_P130RfsTer5,POINT_DISRUPT,BETA-LACTAM,CARBAPENEM,True
POINT_DISRUPT:ompK36_P295AfsTer2,ompK36_P295AfsTer2,POINT_DISRUPT,BETA-LACTAM,CARBAPENEM,True
POINT_DISRUPT:ompK36_Q170Ter,ompK36_Q170Ter,POINT_DISRUPT,BETA-LACTAM,CARBAPENEM,True
POINT_DISRUPT:ompK36_Q172Ter,ompK36_Q172Ter,POINT_DISRUPT,BETA-LACTAM,CARBAPENEM,True
POINT_DISRUPT:ompK36_Q196Ter,ompK36_Q196Ter,POINT_DISRUPT,BETA-LACTAM,CARBAPENEM,True
POINT_DISRUPT:ompK36_Q262PfsTer55,ompK36_Q262PfsTer55,POINT_DISRUPT,BETA-LACTAM,CARBAPENEM,True
POINT_DISRUPT:ompK36_Q262Ter,ompK36_Q262Ter,POINT_DISRUPT,BETA-LACTAM,CARBAPENEM,True
POINT_DISRUPT:ompK36_Q54RfsTer34,ompK36_Q54RfsTer34,POINT_DISRUPT,BETA-LACTAM,CARBAPENEM,True
POINT_DISRUPT:ompK36_Q76Ter,ompK36_Q76Ter,POINT_DISRUPT,BETA-LACTAM,CARBAPENEM,True
POINT_DISRUPT:ompK36_Q82Ter,ompK36_Q82Ter,POINT_DISRUPT,BETA-LACTAM,CARBAPENEM,True
POINT_DISRUPT:ompK36_R154NfsTer3,ompK36_R154NfsTer3,POINT_DISRUPT,BETA-LACTAM,CARBAPENEM,True
POINT_DISRUPT:ompK36_S230RfsTer14,ompK36_S230RfsTer14,POINT_DISRUPT,BETA-LACTAM,CARBAPENEM,True
POINT_DISRUPT:ompK36_S45LfsTer1,ompK36_S45LfsTer1,POINT_DISRUPT,BETA-LACTAM,CARBAPENEM,True
POINT_DISRUPT:ompK36_T244NfsTer59,ompK36_T244NfsTer59,POINT_DISRUPT,BETA-LACTAM,CARBAPENEM,True
POINT_DISRUPT:ompK36_W94Ter,ompK36_W94Ter,POINT_DISRUPT,BETA-LACTAM,CARBAPENEM,True
POINT_DISRUPT:ompK36_Y255Ter,ompK36_Y255Ter,POINT_DISRUPT,BETA-LACTAM,CARBAPENEM,True
POINT_DISRUPT:ompK36_Y287SfsTer29,ompK36_Y287SfsTer29,POINT_DISRUPT,BETA-LACTAM,CARBAPENEM,True
POINT_DISRUPT:ompK36_Y287YTer,ompK36_Y287YTer,POINT_DISRUPT,BETA-LACTAM,CARBAPENEM,True
POINT_DISRUPT:ompK36_Y43Ter,ompK36_Y43Ter,POINT_DISRUPT,BETA-LACTAM,CARBAPENEM,True
POINT_DISRUPT:oqxR_A104RfsTer52,oqxR_A104RfsTer52,POINT_DISRUPT,NITROFURAN/PHENICOL/QUINOLONE/TETRACYCLINE,NITROFURANTOIN/PHENICOL/QUINOLONE/TIGECYCLINE,True
POINT_DISRUPT:oqxR_A71QfsTer5,oqxR_A71QfsTer5,POINT_DISRUPT,NITROFURAN/PHENICOL/QUINOLONE/TETRACYCLINE,NITROFURANTOIN/PHENICOL/QUINOLONE/TIGECYCLINE,True
POINT_DISRUPT:oqxR_A91GfsTer31,oqxR_A91GfsTer31,POINT_DISRUPT,NITROFURAN/PHENICOL/QUINOLONE/TETRACYCLINE,NITROFURANTOIN/PHENICOL/QUINOLONE/TIGECYCLINE,True
POINT_DISRUPT:oqxR_D95AfsTer23,oqxR_D95AfsTer23,POINT_DISRUPT,NITROFURAN/PHENICOL/QUINOLONE/TETRACYCLINE,NITROFURANTOIN/PHENICOL/QUINOLONE/TIGECYCLINE,True
POINT_DISRUPT:oqxR_D95AfsTer27,oqxR_D95AfsTer27,POINT_DISRUPT,NITROFURAN/PHENICOL/QUINOLONE/TETRACYCLINE,NITROFURANTOIN/PHENICOL/QUINOLONE/TIGECYCLINE,True
POINT_DISRUPT:oqxR_E118AfsTer37,oqxR_E118AfsTer37,POINT_DISRUPT,NITROFURAN/PHENICOL/QUINOLONE/TETRACYCLINE,NITROFURANTOIN/PHENICOL/QUINOLONE/TIGECYCLINE,True
POINT_DISRUPT:oqxR_E135Ter,oqxR_E135Ter,POINT_DISRUPT,NITROFURAN/PHENICOL/QUINOLONE/TETRACYCLINE,NITROFURANTOIN/PHENICOL/QUINOLONE/TIGECYCLINE,True
POINT_DISRUPT:oqxR_E20Ter,oqxR_E20Ter,POINT_DISRUPT,NITROFURAN/PHENICOL/QUINOLONE/TETRACYCLINE,NITROFURANTOIN/PHENICOL/QUINOLONE/TIGECYCLINE,True
POINT_DISRUPT:oqxR_I74RfsTer49,oqxR_I74RfsTer49,POINT_DISRUPT,NITROFURAN/PHENICOL/QUINOLONE/TETRACYCLINE,NITROFURANTOIN/PHENICOL/QUINOLONE/TIGECYCLINE,True
POINT_DISRUPT:oqxR_I74SfsTer48,oqxR_I74SfsTer48,POINT_DISRUPT,NITROFURAN/PHENICOL/QUINOLONE/TETRACYCLINE,NITROFURANTOIN/PHENICOL/QUINOLONE/TIGECYCLINE,True
POINT_DISRUPT:oqxR_K111CfsTer42,oqxR_K111CfsTer42,POINT_DISRUPT,NITROFURAN/PHENICOL/QUINOLONE/TETRACYCLINE,NITROFURANTOIN/PHENICOL/QUINOLONE/TIGECYCLINE,True
POINT_DISRUPT:oqxR_K88NfsTer34,oqxR_K88NfsTer34,POINT_DISRUPT,NITROFURAN/PHENICOL/QUINOLONE/TETRACYCLINE,NITROFURANTOIN/PHENICOL/QUINOLONE/TIGECYCLINE,True
POINT_DISRUPT:oqxR_L14RfsTer27,oqxR_L14RfsTer27,POINT_DISRUPT,NITROFURAN/PHENICOL/QUINOLONE/TETRACYCLINE,NITROFURANTOIN/PHENICOL/QUINOLONE/TIGECYCLINE,True
POINT_DISRUPT:oqxR_L2Ter,oqxR_L2Ter,POINT_DISRUPT,NITROFURAN/PHENICOL/QUINOLONE/TETRACYCLINE,NITROFURANTOIN/PHENICOL/QUINOLONE/TIGECYCLINE,True
POINT_DISRUPT:oqxR_L45TerfsTer0,oqxR_L45TerfsTer0,POINT_DISRUPT,NITROFURAN/PHENICOL/QUINOLONE/TETRACYCLINE,NITROFURANTOIN/PHENICOL/QUINOLONE/TIGECYCLINE,True
POINT_DISRUPT:oqxR_L89TfsTer6,oqxR_L89TfsTer6,POINT_DISRUPT,NITROFURAN/PHENICOL/QUINOLONE/TETRACYCLINE,NITROFURANTOIN/PHENICOL/QUINOLONE/TIGECYCLINE,True
POINT_DISRUPT:oqxR_M151Ter,oqxR_M151Ter,POINT_DISRUPT,NITROFURAN/PHENICOL/QUINOLONE/TETRACYCLINE,NITROFURANTOIN/PHENICOL/QUINOLONE/TIGECYCLINE,True
POINT_DISRUPT:oqxR_M22WfsTer27,oqxR_M22WfsTer27,POINT_DISRUPT,NITROFURAN/PHENICOL/QUINOLONE/TETRACYCLINE,NITROFURANTOIN/PHENICOL/QUINOLONE/TIGECYCLINE,True
POINT_DISRUPT:oqxR_M46RfsTer3,oqxR_M46RfsTer3,POINT_DISRUPT,NITROFURAN/PHENICOL/QUINOLONE/TETRACYCLINE,NITROFURANTOIN/PHENICOL/QUINOLONE/TIGECYCLINE,True
POINT_DISRUPT:oqxR_N62KfsTer15,oqxR_N62KfsTer15,POINT_DISRUPT,NITROFURAN/PHENICOL/QUINOLONE/TETRACYCLINE,NITROFURANTOIN/PHENICOL/QUINOLONE/TIGECYCLINE,True
POINT_DISRUPT:oqxR_P70RfsTer49,oqxR_P70RfsTer49,POINT_DISRUPT,NITROFURAN/PHENICOL/QUINOLONE/TETRACYCLINE,NITROFURANTOIN/PHENICOL/QUINOLONE/TIGECYCLINE,True
POINT_DISRUPT:oqxR_P70SfsTer48,oqxR_P70SfsTer48,POINT_DISRUPT,NITROFURAN/PHENICOL/QUINOLONE/TETRACYCLINE,NITROFURANTOIN/PHENICOL/QUINOLONE/TIGECYCLINE,True
POINT_DISRUPT:oqxR_P94GfsTer18,oqxR_P94GfsTer18,POINT_DISRUPT,NITROFURAN/PHENICOL/QUINOLONE/TETRACYCLINE,NITROFURANTOIN/PHENICOL/QUINOLONE/TIGECYCLINE,True
POINT_DISRUPT:oqxR_P94RfsTer25,oqxR_P94RfsTer25,POINT_DISRUPT,NITROFURAN/PHENICOL/QUINOLONE/TETRACYCLINE,NITROFURANTOIN/PHENICOL/QUINOLONE/TIGECYCLINE,True
POINT_DISRUPT:oqxR_Q21Ter,oqxR_Q21Ter,POINT_DISRUPT,NITROFURAN/PHENICOL/QUINOLONE/TETRACYCLINE,NITROFURANTOIN/PHENICOL/QUINOLONE/TIGECYCLINE,True
POINT_DISRUPT:oqxR_R25NfsTer21,oqxR_R25NfsTer21,POINT_DISRUPT,NITROFURAN/PHENICOL/QUINOLONE/TETRACYCLINE,NITROFURANTOIN/PHENICOL/QUINOLONE/TIGECYCLINE,True
POINT_DISRUPT:oqxR_R25VfsTer20,oqxR_R25VfsTer20,POINT_DISRUPT,NITROFURAN/PHENICOL/QUINOLONE/TETRACYCLINE,NITROFURANTOIN/PHENICOL/QUINOLONE/TIGECYCLINE,True
POINT_DISRUPT:oqxR_R69DfsTer4,oqxR_R69DfsTer4,POINT_DISRUPT,NITROFURAN/PHENICOL/QUINOLONE/TETRACYCLINE,NITROFURANTOIN/PHENICOL/QUINOLONE/TIGECYCLINE,True
POINT_DISRUPT:oqxR_R69VfsTer53,oqxR_R69VfsTer53,POINT_DISRUPT,NITROFURAN/PHENICOL/QUINOLONE/TETRACYCLINE,NITROFURANTOIN/PHENICOL/QUINOLONE/TIGECYCLINE,True
POINT_DISRUPT:oqxR_S26TfsTer19,oqxR_S26TfsTer19,POINT_DISRUPT,NITROFURAN/PHENICOL/QUINOLONE/TETRACYCLINE,NITROFURANTOIN/PHENICOL/QUINOLONE/TIGECYCLINE,True
POINT_DISRUPT:oqxR_S64AfsTer9,oqxR_S64AfsTer9,POINT_DISRUPT,NITROFURAN/PHENICOL/QUINOLONE/TETRACYCLINE,NITROFURANTOIN/PHENICOL/QUINOLONE/TIGECYCLINE,True
POINT_DISRUPT:oqxR_S64Ter,oqxR_S64Ter,POINT_DISRUPT,NITROFURAN/PHENICOL/QUINOLONE/TETRACYCLINE,NITROFURANTOIN/PHENICOL/QUINOLONE/TIGECYCLINE,True
POINT_DISRUPT:oqxR_V137RfsTer15,oqxR_V137RfsTer15,POINT_DISRUPT,NITROFURAN/PHENICOL/QUINOLONE/TETRACYCLINE,NITROFURANTOIN/PHENICOL/QUINOLONE/TIGECYCLINE,True
POINT_DISRUPT:oqxR_V47EfsTer4,oqxR_V47EfsTer4,POINT_DISRUPT,NITROFURAN/PHENICOL/QUINOLONE/TETRACYCLINE,NITROFURANTOIN/PHENICOL/QUINOLONE/TIGECYCLINE,True
POINT_DISRUPT:oqxR_Y109Ter,oqxR_Y109Ter,POINT_DISRUPT,NITROFURAN/PHENICOL/QUINOLONE/TETRACYCLINE,NITROFURANTOIN/PHENICOL/QUINOLONE/TIGECYCLINE,True
POINT_DISRUPT:oqxR_Y33RfsTer8,oqxR_Y33RfsTer8,POINT_DISRUPT,NITROFURAN/PHENICOL/QUINOLONE/TETRACYCLINE,NITROFURANTOIN/PHENICOL/QUINOLONE/TIGECYCLINE,True
POINT_DISRUPT:oqxR_Y33Ter,oqxR_Y33Ter,POINT_DISRUPT,NITROFURAN/PHENICOL/QUINOLONE/TETRACYCLINE,NITROFURANTOIN/PHENICOL/QUINOLONE/TIGECYCLINE,True
POINT_DISRUPT:ramR_A105SfsTer17,ramR_A105SfsTer17,POINT_DISRUPT,MULTIDRUG,CHLORAMPHENICOL/FLUOROQUINOLONE/TEMOCILLIN/TETRACYCLINE/TIGECYCLINE,True
POINT_DISRUPT:ramR_A173SfsTer8,ramR_A173SfsTer8,POINT_DISRUPT,MULTIDRUG,CHLORAMPHENICOL/FLUOROQUINOLONE/TEMOCILLIN/TETRACYCLINE/TIGECYCLINE,True
POINT_DISRUPT:ramR_A17CfsTer36,ramR_A17CfsTer36,POINT_DISRUPT,MULTIDRUG,CHLORAMPHENICOL/FLUOROQUINOLONE/TEMOCILLIN/TETRACYCLINE/TIGECYCLINE,True
POINT_DISRUPT:ramR_A27GfsTer26,ramR_A27GfsTer26,POINT_DISRUPT,MULTIDRUG,CHLORAMPHENICOL/FLUOROQUINOLONE/TEMOCILLIN/TETRACYCLINE/TIGECYCLINE,True
POINT_DISRUPT:ramR_A27PfsTer43,ramR_A27PfsTer43,POINT_DISRUPT,MULTIDRUG,CHLORAMPHENICOL/FLUOROQUINOLONE/TEMOCILLIN/TETRACYCLINE/TIGECYCLINE,True
POINT_DISRUPT:ramR_A28GfsTer26,ramR_A28GfsTer26,POINT_DISRUPT,MULTIDRUG,CHLORAMPHENICOL/FLUOROQUINOLONE/TEMOCILLIN/TETRACYCLINE/TIGECYCLINE,True
POINT_DISRUPT:ramR_A28RfsTer19,ramR_A28RfsTer19,POINT_DISRUPT,MULTIDRUG,CHLORAMPHENICOL/FLUOROQUINOLONE/TEMOCILLIN/TETRACYCLINE/TIGECYCLINE,True
POINT_DISRUPT:ramR_A34WfsTer31,ramR_A34WfsTer31,POINT_DISRUPT,MULTIDRUG,CHLORAMPHENICOL/FLUOROQUINOLONE/TEMOCILLIN/TETRACYCLINE/TIGECYCLINE,True
POINT_DISRUPT:ramR_A40PfsTer30,ramR_A40PfsTer30,POINT_DISRUPT,MULTIDRUG,CHLORAMPHENICOL/FLUOROQUINOLONE/TEMOCILLIN/TETRACYCLINE/TIGECYCLINE,True
POINT_DISRUPT:ramR_A72RfsTer47,ramR_A72RfsTer47,POINT_DISRUPT,MULTIDRUG,CHLORAMPHENICOL/FLUOROQUINOLONE/TEMOCILLIN/TETRACYCLINE/TIGECYCLINE,True
POINT_DISRUPT:ramR_A85RfsTer97,ramR_A85RfsTer97,POINT_DISRUPT,MULTIDRUG,CHLORAMPHENICOL/FLUOROQUINOLONE/TEMOCILLIN/TETRACYCLINE/TIGECYCLINE,True
POINT_DISRUPT:ramR_D117KfsTer5,ramR_D117KfsTer5,POINT_DISRUPT,MULTIDRUG,CHLORAMPHENICOL/FLUOROQUINOLONE/TEMOCILLIN/TETRACYCLINE/TIGECYCLINE,True
POINT_DISRUPT:ramR_D117SfsTer8,ramR_D117SfsTer8,POINT_DISRUPT,MULTIDRUG,CHLORAMPHENICOL/FLUOROQUINOLONE/TEMOCILLIN/TETRACYCLINE/TIGECYCLINE,True
POINT_DISRUPT:ramR_D75RfsTer47,ramR_D75RfsTer47,POINT_DISRUPT,MULTIDRUG,CHLORAMPHENICOL/FLUOROQUINOLONE/TEMOCILLIN/TETRACYCLINE/TIGECYCLINE,True
POINT_DISRUPT:ramR_E102SfsTer17,ramR_E102SfsTer17,POINT_DISRUPT,MULTIDRUG,CHLORAMPHENICOL/FLUOROQUINOLONE/TEMOCILLIN/TETRACYCLINE/TIGECYCLINE,True
POINT_DISRUPT:ramR_E113PfsTer7,ramR_E113PfsTer7,POINT_DISRUPT,MULTIDRUG,CHLORAMPHENICOL/FLUOROQUINOLONE/TEMOCILLIN/TETRACYCLINE/TIGECYCLINE,True
POINT_DISRUPT:ramR_E118Ter,ramR_E118Ter,POINT_DISRUPT,MULTIDRUG,CHLORAMPHENICOL/FLUOROQUINOLONE/TEMOCILLIN/TETRACYCLINE/TIGECYCLINE,True
POINT_DISRUPT:ramR_E125RfsTer57,ramR_E125RfsTer57,POINT_DISRUPT,MULTIDRUG,CHLORAMPHENICOL/FLUOROQUINOLONE/TEMOCILLIN/TETRACYCLINE/TIGECYCLINE,True
POINT_DISRUPT:ramR_E140Ter,ramR_E140Ter,POINT_DISRUPT,MULTIDRUG,CHLORAMPHENICOL/FLUOROQUINOLONE/TEMOCILLIN/TETRACYCLINE/TIGECYCLINE,True
POINT_DISRUPT:ramR_E15AfsTer39,ramR_E15AfsTer39,POINT_DISRUPT,MULTIDRUG,CHLORAMPHENICOL/FLUOROQUINOLONE/TEMOCILLIN/TETRACYCLINE/TIGECYCLINE,True
POINT_DISRUPT:ramR_E175LfsTer1,ramR_E175LfsTer1,POINT_DISRUPT,MULTIDRUG,CHLORAMPHENICOL/FLUOROQUINOLONE/TEMOCILLIN/TETRACYCLINE/TIGECYCLINE,True
POINT_DISRUPT:ramR_E53Ter,ramR_E53Ter,POINT_DISRUPT,MULTIDRUG,CHLORAMPHENICOL/FLUOROQUINOLONE/TEMOCILLIN/TETRACYCLINE/TIGECYCLINE,True
POINT_DISRUPT:ramR_E78PfsTer75,ramR_E78PfsTer75,POINT_DISRUPT,MULTIDRUG,CHLORAMPHENICOL/FLUOROQUINOLONE/TEMOCILLIN/TETRACYCLINE/TIGECYCLINE,True
POINT_DISRUPT:ramR_E83Ter,ramR_E83Ter,POINT_DISRUPT,MULTIDRUG,CHLORAMPHENICOL/FLUOROQUINOLONE/TEMOCILLIN/TETRACYCLINE/TIGECYCLINE,True
POINT_DISRUPT:ramR_F127RfsTer10,ramR_F127RfsTer10,POINT_DISRUPT,MULTIDRUG,CHLORAMPHENICOL/FLUOROQUINOLONE/TEMOCILLIN/TETRACYCLINE/TIGECYCLINE,True
POINT_DISRUPT:ramR_F48QfsTer2,ramR_F48QfsTer2,POINT_DISRUPT,MULTIDRUG,CHLORAMPHENICOL/FLUOROQUINOLONE/TEMOCILLIN/TETRACYCLINE/TIGECYCLINE,True
POINT_DISRUPT:ramR_G38PfsTer24,ramR_G38PfsTer24,POINT_DISRUPT,MULTIDRUG,CHLORAMPHENICOL/FLUOROQUINOLONE/TEMOCILLIN/TETRACYCLINE/TIGECYCLINE,True
POINT_DISRUPT:ramR_G38PfsTer54,ramR_G38PfsTer54,POINT_DISRUPT,MULTIDRUG,CHLORAMPHENICOL/FLUOROQUINOLONE/TEMOCILLIN/TETRACYCLINE/TIGECYCLINE,True
POINT_DISRUPT:ramR_G96AfsTer27,ramR_G96AfsTer27,POINT_DISRUPT,MULTIDRUG,CHLORAMPHENICOL/FLUOROQUINOLONE/TEMOCILLIN/TETRACYCLINE/TIGECYCLINE,True
POINT_DISRUPT:ramR_H103PfsTer16,ramR_H103PfsTer16,POINT_DISRUPT,MULTIDRUG,CHLORAMPHENICOL/FLUOROQUINOLONE/TEMOCILLIN/TETRACYCLINE/TIGECYCLINE,True
POINT_DISRUPT:ramR_H103PfsTer52,ramR_H103PfsTer52,POINT_DISRUPT,MULTIDRUG,CHLORAMPHENICOL/FLUOROQUINOLONE/TEMOCILLIN/TETRACYCLINE/TIGECYCLINE,True
POINT_DISRUPT:ramR_H103PfsTer53,ramR_H103PfsTer53,POINT_DISRUPT,MULTIDRUG,CHLORAMPHENICOL/FLUOROQUINOLONE/TEMOCILLIN/TETRACYCLINE/TIGECYCLINE,True
POINT_DISRUPT:ramR_H103PfsTer74,ramR_H103PfsTer74,POINT_DISRUPT,MULTIDRUG,CHLORAMPHENICOL/FLUOROQUINOLONE/TEMOCILLIN/TETRACYCLINE/TIGECYCLINE,True
POINT_DISRUPT:ramR_H103RfsTer15,ramR_H103RfsTer15,POINT_DISRUPT,MULTIDRUG,CHLORAMPHENICOL/FLUOROQUINOLONE/TEMOCILLIN/TETRACYCLINE/TIGECYCLINE,True
POINT_DISRUPT:ramR_H103RfsTer22,ramR_H103RfsTer22,POINT_DISRUPT,MULTIDRUG,CHLORAMPHENICOL/FLUOROQUINOLONE/TEMOCILLIN/TETRACYCLINE/TIGECYCLINE,True
POINT_DISRUPT:ramR_I106SfsTer10,ramR_I106SfsTer10,POINT_DISRUPT,MULTIDRUG,CHLORAMPHENICOL/FLUOROQUINOLONE/TEMOCILLIN/TETRACYCLINE/TIGECYCLINE,True
POINT_DISRUPT:ramR_I115KfsTer5,ramR_I115KfsTer5,POINT_DISRUPT,MULTIDRUG,CHLORAMPHENICOL/FLUOROQUINOLONE/TEMOCILLIN/TETRACYCLINE/TIGECYCLINE,True
POINT_DISRUPT:ramR_I115PfsTer40,ramR_I115PfsTer40,POINT_DISRUPT,MULTIDRUG,CHLORAMPHENICOL/FLUOROQUINOLONE/TEMOCILLIN/TETRACYCLINE/TIGECYCLINE,True
POINT_DISRUPT:ramR_I115RfsTer42,ramR_I115RfsTer42,POINT_DISRUPT,MULTIDRUG,CHLORAMPHENICOL/FLUOROQUINOLONE/TEMOCILLIN/TETRACYCLINE/TIGECYCLINE,True
POINT_DISRUPT:ramR_I115SfsTer8,ramR_I115SfsTer8,POINT_DISRUPT,MULTIDRUG,CHLORAMPHENICOL/FLUOROQUINOLONE/TEMOCILLIN/TETRACYCLINE/TIGECYCLINE,True
POINT_DISRUPT:ramR_I176DfsTer6,ramR_I176DfsTer6,POINT_DISRUPT,MULTIDRUG,CHLORAMPHENICOL/FLUOROQUINOLONE/TEMOCILLIN/TETRACYCLINE/TIGECYCLINE,True
POINT_DISRUPT:ramR_I26SfsTer26,ramR_I26SfsTer26,POINT_DISRUPT,MULTIDRUG,CHLORAMPHENICOL/FLUOROQUINOLONE/TEMOCILLIN/TETRACYCLINE/TIGECYCLINE,True
POINT_DISRUPT:ramR_I62PfsTer116,ramR_I62PfsTer116,POINT_DISRUPT,MULTIDRUG,CHLORAMPHENICOL/FLUOROQUINOLONE/TEMOCILLIN/TETRACYCLINE/TIGECYCLINE,True
POINT_DISRUPT:ramR_I88KfsTer100,ramR_I88KfsTer100,POINT_DISRUPT,MULTIDRUG,CHLORAMPHENICOL/FLUOROQUINOLONE/TEMOCILLIN/TETRACYCLINE/TIGECYCLINE,True
POINT_DISRUPT:ramR_K10SfsTer16,ramR_K10SfsTer16,POINT_DISRUPT,MULTIDRUG,CHLORAMPHENICOL/FLUOROQUINOLONE/TEMOCILLIN/TETRACYCLINE/TIGECYCLINE,True
POINT_DISRUPT:ramR_K10SfsTer59,ramR_K10SfsTer59,POINT_DISRUPT,MULTIDRUG,CHLORAMPHENICOL/FLUOROQUINOLONE/TEMOCILLIN/TETRACYCLINE/TIGECYCLINE,True
POINT_DISRUPT:ramR_K139SfsTer85,ramR_K139SfsTer85,POINT_DISRUPT,MULTIDRUG,CHLORAMPHENICOL/FLUOROQUINOLONE/TEMOCILLIN/TETRACYCLINE/TIGECYCLINE,True
POINT_DISRUPT:ramR_K63insTer8,ramR_K63insTer8,POINT_DISRUPT,MULTIDRUG,CHLORAMPHENICOL/FLUOROQUINOLONE/TEMOCILLIN/TETRACYCLINE/TIGECYCLINE,True
POINT_DISRUPT:ramR_K9Ter,ramR_K9Ter,POINT_DISRUPT,MULTIDRUG,CHLORAMPHENICOL/FLUOROQUINOLONE/TEMOCILLIN/TETRACYCLINE/TIGECYCLINE,True
POINT_DISRUPT:ramR_L111AfsTer11,ramR_L111AfsTer11,POINT_DISRUPT,MULTIDRUG,CHLORAMPHENICOL/FLUOROQUINOLONE/TEMOCILLIN/TETRACYCLINE/TIGECYCLINE,True
POINT_DISRUPT:ramR_L111PfsTer11,ramR_L111PfsTer11,POINT_DISRUPT,MULTIDRUG,CHLORAMPHENICOL/FLUOROQUINOLONE/TEMOCILLIN/TETRACYCLINE/TIGECYCLINE,True
POINT_DISRUPT:ramR_L111PfsTer12,ramR_L111PfsTer12,POINT_DISRUPT,MULTIDRUG,CHLORAMPHENICOL/FLUOROQUINOLONE/TEMOCILLIN/TETRACYCLINE/TIGECYCLINE,True
POINT_DISRUPT:ramR_L111PfsTer17,ramR_L111PfsTer17,POINT_DISRUPT,MULTIDRUG,CHLORAMPHENICOL/FLUOROQUINOLONE/TEMOCILLIN/TETRACYCLINE/TIGECYCLINE,True
POINT_DISRUPT:ramR_L111PfsTer7,ramR_L111PfsTer7,POINT_DISRUPT,MULTIDRUG,CHLORAMPHENICOL/FLUOROQUINOLONE/TEMOCILLIN/TETRACYCLINE/TIGECYCLINE,True
POINT_DISRUPT:ramR_L111PfsTer8,ramR_L111PfsTer8,POINT_DISRUPT,MULTIDRUG,CHLORAMPHENICOL/FLUOROQUINOLONE/TEMOCILLIN/TETRACYCLINE/TIGECYCLINE,True
POINT_DISRUPT:ramR_L111RfsTer13,ramR_L111RfsTer13,POINT_DISRUPT,MULTIDRUG,CHLORAMPHENICOL/FLUOROQUINOLONE/TEMOCILLIN/TETRACYCLINE/TIGECYCLINE,True
POINT_DISRUPT:ramR_L111RfsTer72,ramR_L111RfsTer72,POINT_DISRUPT,MULTIDRUG,CHLORAMPHENICOL/FLUOROQUINOLONE/TEMOCILLIN/TETRACYCLINE/TIGECYCLINE,True
POINT_DISRUPT:ramR_L13Ter,ramR_L13Ter,POINT_DISRUPT,MULTIDRUG,CHLORAMPHENICOL/FLUOROQUINOLONE/TEMOCILLIN/TETRACYCLINE/TIGECYCLINE,True
POINT_DISRUPT:ramR_L154CfsTer43,ramR_L154CfsTer43,POINT_DISRUPT,MULTIDRUG,CHLORAMPHENICOL/FLUOROQUINOLONE/TEMOCILLIN/TETRACYCLINE/TIGECYCLINE,True
POINT_DISRUPT:ramR_L156CfsTer71,ramR_L156CfsTer71,POINT_DISRUPT,MULTIDRUG,CHLORAMPHENICOL/FLUOROQUINOLONE/TEMOCILLIN/TETRACYCLINE/TIGECYCLINE,True
POINT_DISRUPT:ramR_L60CfsTer13,ramR_L60CfsTer13,POINT_DISRUPT,MULTIDRUG,CHLORAMPHENICOL/FLUOROQUINOLONE/TEMOCILLIN/TETRACYCLINE/TIGECYCLINE,True
POINT_DISRUPT:ramR_L66AfsTer5,ramR_L66AfsTer5,POINT_DISRUPT,MULTIDRUG,CHLORAMPHENICOL/FLUOROQUINOLONE/TEMOCILLIN/TETRACYCLINE/TIGECYCLINE,True
POINT_DISRUPT:ramR_L66AfsTer95,ramR_L66AfsTer95,POINT_DISRUPT,MULTIDRUG,CHLORAMPHENICOL/FLUOROQUINOLONE/TEMOCILLIN/TETRACYCLINE/TIGECYCLINE,True
POINT_DISRUPT:ramR_L66NfsTer112,ramR_L66NfsTer112,POINT_DISRUPT,MULTIDRUG,CHLORAMPHENICOL/FLUOROQUINOLONE/TEMOCILLIN/TETRACYCLINE/TIGECYCLINE,True
POINT_DISRUPT:ramR_M101PfsTer61,ramR_M101PfsTer61,POINT_DISRUPT,MULTIDRUG,CHLORAMPHENICOL/FLUOROQUINOLONE/TEMOCILLIN/TETRACYCLINE/TIGECYCLINE,True
POINT_DISRUPT:ramR_M109AfsTer46,ramR_M109AfsTer46,POINT_DISRUPT,MULTIDRUG,CHLORAMPHENICOL/FLUOROQUINOLONE/TEMOCILLIN/TETRACYCLINE/TIGECYCLINE,True
POINT_DISRUPT:ramR_M109TfsTer68,ramR_M109TfsTer68,POINT_DISRUPT,MULTIDRUG,CHLORAMPHENICOL/FLUOROQUINOLONE/TEMOCILLIN/TETRACYCLINE/TIGECYCLINE,True
POINT_DISRUPT:ramR_M70RfsTer42,ramR_M70RfsTer42,POINT_DISRUPT,MULTIDRUG,CHLORAMPHENICOL/FLUOROQUINOLONE/TEMOCILLIN/TETRACYCLINE/TIGECYCLINE,True
POINT_DISRUPT:ramR_N131PfsTer25,ramR_N131PfsTer25,POINT_DISRUPT,MULTIDRUG,CHLORAMPHENICOL/FLUOROQUINOLONE/TEMOCILLIN/TETRACYCLINE/TIGECYCLINE,True
POINT_DISRUPT:ramR_N87LfsTer90,ramR_N87LfsTer90,POINT_DISRUPT,MULTIDRUG,CHLORAMPHENICOL/FLUOROQUINOLONE/TEMOCILLIN/TETRACYCLINE/TIGECYCLINE,True
POINT_DISRUPT:ramR_P76RfsTer85,ramR_P76RfsTer85,POINT_DISRUPT,MULTIDRUG,CHLORAMPHENICOL/FLUOROQUINOLONE/TEMOCILLIN/TETRACYCLINE/TIGECYCLINE,True
POINT_DISRUPT:ramR_Q122Ter,ramR_Q122Ter,POINT_DISRUPT,MULTIDRUG,CHLORAMPHENICOL/FLUOROQUINOLONE/TEMOCILLIN/TETRACYCLINE/TIGECYCLINE,True
POINT_DISRUPT:ramR_Q171AfsTer11,ramR_Q171AfsTer11,POINT_DISRUPT,MULTIDRUG,CHLORAMPHENICOL/FLUOROQUINOLONE/TEMOCILLIN/TETRACYCLINE/TIGECYCLINE,True
POINT_DISRUPT:ramR_Q23Ter,ramR_Q23Ter,POINT_DISRUPT,MULTIDRUG,CHLORAMPHENICOL/FLUOROQUINOLONE/TEMOCILLIN/TETRACYCLINE/TIGECYCLINE,True
POINT_DISRUPT:ramR_R108SfsTer12,ramR_R108SfsTer12,POINT_DISRUPT,MULTIDRUG,CHLORAMPHENICOL/FLUOROQUINOLONE/TEMOCILLIN/TETRACYCLINE/TIGECYCLINE,True
POINT_DISRUPT:ramR_R172AfsTer55,ramR_R172AfsTer55,POINT_DISRUPT,MULTIDRUG,CHLORAMPHENICOL/FLUOROQUINOLONE/TEMOCILLIN/TETRACYCLINE/TIGECYCLINE,True
POINT_DISRUPT:ramR_S137Ter,ramR_S137Ter,POINT_DISRUPT,MULTIDRUG,CHLORAMPHENICOL/FLUOROQUINOLONE/TEMOCILLIN/TETRACYCLINE/TIGECYCLINE,True
POINT_DISRUPT:ramR_S144RfsTer83,ramR_S144RfsTer83,POINT_DISRUPT,MULTIDRUG,CHLORAMPHENICOL/FLUOROQUINOLONE/TEMOCILLIN/TETRACYCLINE/TIGECYCLINE,True
POINT_DISRUPT:ramR_S157Ter,ramR_S157Ter,POINT_DISRUPT,MULTIDRUG,CHLORAMPHENICOL/FLUOROQUINOLONE/TEMOCILLIN/TETRACYCLINE/TIGECYCLINE,True
POINT_DISRUPT:ramR_S29GfsTer21,ramR_S29GfsTer21,POINT_DISRUPT,MULTIDRUG,CHLORAMPHENICOL/FLUOROQUINOLONE/TEMOCILLIN/TETRACYCLINE/TIGECYCLINE,True
POINT_DISRUPT:ramR_S29HfsTer20,ramR_S29HfsTer20,POINT_DISRUPT,MULTIDRUG,CHLORAMPHENICOL/FLUOROQUINOLONE/TEMOCILLIN/TETRACYCLINE/TIGECYCLINE,True
POINT_DISRUPT:ramR_S29RfsTer39,ramR_S29RfsTer39,POINT_DISRUPT,MULTIDRUG,CHLORAMPHENICOL/FLUOROQUINOLONE/TEMOCILLIN/TETRACYCLINE/TIGECYCLINE,True
POINT_DISRUPT:ramR_S31Ter,ramR_S31Ter,POINT_DISRUPT,MULTIDRUG,CHLORAMPHENICOL/FLUOROQUINOLONE/TEMOCILLIN/TETRACYCLINE/TIGECYCLINE,True
POINT_DISRUPT:ramR_T50IfsTer23,ramR_T50IfsTer23,POINT_DISRUPT,MULTIDRUG,CHLORAMPHENICOL/FLUOROQUINOLONE/TEMOCILLIN/TETRACYCLINE/TIGECYCLINE,True
POINT_DISRUPT:ramR_T69PfsTer51,ramR_T69PfsTer51,POINT_DISRUPT,MULTIDRUG,CHLORAMPHENICOL/FLUOROQUINOLONE/TEMOCILLIN/TETRACYCLINE/TIGECYCLINE,True
POINT_DISRUPT:ramR_V39RfsTer15,ramR_V39RfsTer15,POINT_DISRUPT,MULTIDRUG,CHLORAMPHENICOL/FLUOROQUINOLONE/TEMOCILLIN/TETRACYCLINE/TIGECYCLINE,True
POINT_DISRUPT:ramR_W185Ter,ramR_W185Ter,POINT_DISRUPT,MULTIDRUG,CHLORAMPHENICOL/FLUOROQUINOLONE/TEMOCILLIN/TETRACYCLINE/TIGECYCLINE,True
POINT_DISRUPT:ramR_W89Ter,ramR_W89Ter,POINT_DISRUPT,MULTIDRUG,CHLORAMPHENICOL/FLUOROQUINOLONE/TEMOCILLIN/TETRACYCLINE/TIGECYCLINE,True
POINT_DISRUPT:ramR_W95AfsTer25,ramR_W95AfsTer25,POINT_DISRUPT,MULTIDRUG,CHLORAMPHENICOL/FLUOROQUINOLONE/TEMOCILLIN/TETRACYCLINE/TIGECYCLINE,True
POINT_DISRUPT:ramR_Y47CfsTer26,ramR_Y47CfsTer26,POINT_DISRUPT,MULTIDRUG,CHLORAMPHENICOL/FLUOROQUINOLONE/TEMOCILLIN/TETRACYCLINE/TIGECYCLINE,True
POINT_DISRUPT:ramR_Y47HfsTer3,ramR_Y47HfsTer3,POINT_DISRUPT,MULTIDRUG,CHLORAMPHENICOL/FLUOROQUINOLONE/TEMOCILLIN/TETRACYCLINE/TIGECYCLINE,True
POINT_DISRUPT:ramR_Y59CfsTer13,ramR_Y59CfsTer13,POINT_DISRUPT,MULTIDRUG,CHLORAMPHENICOL/FLUOROQUINOLONE/TEMOCILLIN/TETRACYCLINE/TIGECYCLINE,True
POINT_DISRUPT:ramR_Y59_M133del,ramR_Y59_M133del,POINT_DISRUPT,MULTIDRUG,CHLORAMPHENICOL/FLUOROQUINOLONE/TEMOCILLIN/TETRACYCLINE/TIGECYCLINE,True
POINT_DISRUPT:ramR_Y92Ter,ramR_Y92Ter,POINT_DISRUPT,MULTIDRUG,CHLORAMPHENICOL/FLUOROQUINOLONE/TEMOCILLIN/TETRACYCLINE/TIGECYCLINE,True
